player_name,player_position,player_position_URI,player_club,player_club_URI,Nationality,Nationality_URI,Preferred Foot,Preferred_Foot_URI,Date of Birth,XA,XG,Assists,Goals
Max Aarons,defender,https://www.wikidata.org/entity/Q336286,AFC Bournemouth,https://www.wikidata.org/entity/Q19568,England,https://www.wikidata.org/entity/Q21,right-footedness,https://www.wikidata.org/entity/Q1843233,2000-04-01,0.02,0,0,0
George Abbott,midfielder,https://www.wikidata.org/entity/Q193592,Tottenham Hotspur F.C.,https://www.wikidata.org/entity/Q18741,England,https://www.wikidata.org/entity/Q21,right-footedness,https://www.wikidata.org/entity/Q1843233,2005-08-17,0,0,0,0
Zach Abbott,defender,https://www.wikidata.org/entity/Q336286,Nottingham Forest F.C.,https://www.wikidata.org/entity/Q19490,England,https://www.wikidata.org/entity/Q21,right-footedness,https://www.wikidata.org/entity/Q1843233,2006-05-13,0,0,0,0
Josh Acheampong,defender,https://www.wikidata.org/entity/Q336286,Chelsea F.C.,https://www.wikidata.org/entity/Q9616,England,https://www.wikidata.org/entity/Q21,right-footedness,https://www.wikidata.org/entity/Q1843233,2006-05-05,0.02,0.22,0,0
Ché Adams,forward,https://www.wikidata.org/entity/Q280658,Southampton F.C.,https://www.wikidata.org/entity/Q18732,England,https://www.wikidata.org/entity/Q21,n/a,,1996-07-13,0,0,0,0
Tyler Adams,midfielder,https://www.wikidata.org/entity/Q193592,AFC Bournemouth,https://www.wikidata.org/entity/Q19568,United States,https://www.wikidata.org/entity/Q30,right-footedness,https://www.wikidata.org/entity/Q1843233,1999-02-14,0.76,1.59,3,0
Tosin Adarabioyo,defender,https://www.wikidata.org/entity/Q336286,Chelsea F.C.,https://www.wikidata.org/entity/Q9616,England,https://www.wikidata.org/entity/Q21,right-footedness,https://www.wikidata.org/entity/Q1843233,1997-09-24,0.22,0.93,1,1
Tayo Adaramola,defender,https://www.wikidata.org/entity/Q336286,Crystal Palace F.C.,https://www.wikidata.org/entity/Q19467,Ireland,https://www.wikidata.org/entity/Q27,left-footedness,https://www.wikidata.org/entity/Q2183543,2003-11-14,0,0,0,0
Valintino Adedokun,defender,https://www.wikidata.org/entity/Q336286,Brentford F.C.,https://www.wikidata.org/entity/Q19571,Ireland,https://www.wikidata.org/entity/Q27,n/a,,2003-02-14,0,0,0,0
Simon Adingra,forward,https://www.wikidata.org/entity/Q280658,Brighton & Hove Albion F.C.,https://www.wikidata.org/entity/Q19453,Ivory Coast,https://www.wikidata.org/entity/Q1008,right-footedness,https://www.wikidata.org/entity/Q1843233,2002-01-01,2.79,2.46,2,2
Daniel Adu-Adjei,forward,https://www.wikidata.org/entity/Q280658,AFC Bournemouth,https://www.wikidata.org/entity/Q19568,England,https://www.wikidata.org/entity/Q21,right-footedness,https://www.wikidata.org/entity/Q1843233,2005-06-21,0,0,0,0
Emmanuel Agbadou,defender,https://www.wikidata.org/entity/Q336286,Wolverhampton Wanderers F.C.,https://www.wikidata.org/entity/Q19500,Ivory Coast,https://www.wikidata.org/entity/Q1008,right-footedness,https://www.wikidata.org/entity/Q1843233,1997-06-17,0.32,0.85,0,1
Asher Agbinone,midfielder,https://www.wikidata.org/entity/Q193592,Crystal Palace F.C.,https://www.wikidata.org/entity/Q19467,England,https://www.wikidata.org/entity/Q21,right-footedness,https://www.wikidata.org/entity/Q1843233,2005-09-28,0.01,0.02,0,0
Nayef Aguerd,defender,https://www.wikidata.org/entity/Q336286,West Ham United F.C.,https://www.wikidata.org/entity/Q18747,Morocco,https://www.wikidata.org/entity/Q1028,left-footedness,https://www.wikidata.org/entity/Q2183543,1996-03-30,0,0,0,0
Brandon Aguilera,midfielder,https://www.wikidata.org/entity/Q193592,Nottingham Forest F.C.,https://www.wikidata.org/entity/Q19490,Costa Rica,https://www.wikidata.org/entity/Q800,left-footedness,https://www.wikidata.org/entity/Q2183543,2003-06-28,0,0,0,0
Gassan Ahadme,forward,https://www.wikidata.org/entity/Q280658,Ipswich Town F.C.,https://www.wikidata.org/entity/Q9653,Morocco,https://www.wikidata.org/entity/Q1028,right-footedness,https://www.wikidata.org/entity/Q1843233,2000-11-17,0,0,0,0
Naouirou Ahamada,midfielder,https://www.wikidata.org/entity/Q193592,Crystal Palace F.C.,https://www.wikidata.org/entity/Q19467,France,https://www.wikidata.org/entity/Q142,right-footedness,https://www.wikidata.org/entity/Q1843233,2002-03-29,0,0,0,0
Ola Aina,defender,https://www.wikidata.org/entity/Q336286,Nottingham Forest F.C.,https://www.wikidata.org/entity/Q19490,Nigeria,https://www.wikidata.org/entity/Q1033,right-footedness,https://www.wikidata.org/entity/Q1843233,1996-08-10,2.22,0.64,1,2
Damola Ajayi,forward,https://www.wikidata.org/entity/Q280658,Tottenham Hotspur F.C.,https://www.wikidata.org/entity/Q18741,England,https://www.wikidata.org/entity/Q21,right-footedness,https://www.wikidata.org/entity/Q1843233,2005-12-27,0,0,0,0
Kristoffer Ajer,defender,https://www.wikidata.org/entity/Q336286,Brentford F.C.,https://www.wikidata.org/entity/Q19571,Norway,https://www.wikidata.org/entity/Q20,right-footedness,https://www.wikidata.org/entity/Q1843233,1998-04-17,0.5,0.96,0,0
Romeo Akachukwu,midfielder,https://www.wikidata.org/entity/Q193592,Southampton F.C.,https://www.wikidata.org/entity/Q18732,Ireland,https://www.wikidata.org/entity/Q27,right-footedness,https://www.wikidata.org/entity/Q1843233,2006-07-28,0,0,0,0
Manuel Akanji,defender,https://www.wikidata.org/entity/Q336286,Manchester City F.C.,https://www.wikidata.org/entity/Q50602,Switzerland,https://www.wikidata.org/entity/Q39,right-footedness,https://www.wikidata.org/entity/Q1843233,1995-07-19,1.28,1.55,0,0
Yunus Akgün,forward,https://www.wikidata.org/entity/Q280658,Leicester City F.C.,https://www.wikidata.org/entity/Q19481,Turkey,https://www.wikidata.org/entity/Q43,left-footedness,https://www.wikidata.org/entity/Q2183543,2000-07-07,0,0,0,0
Matai Akinmboni,defender,https://www.wikidata.org/entity/Q336286,AFC Bournemouth,https://www.wikidata.org/entity/Q19568,United States,https://www.wikidata.org/entity/Q30,left-footedness,https://www.wikidata.org/entity/Q2183543,2006-10-17,0,0,0,0
Nathan Aké,defender,https://www.wikidata.org/entity/Q336286,Manchester City F.C.,https://www.wikidata.org/entity/Q50602,Netherlands,https://www.wikidata.org/entity/Q55,left-footedness,https://www.wikidata.org/entity/Q2183543,1995-02-18,0.17,0.22,0,0
Ali Al-Hamadi,forward,https://www.wikidata.org/entity/Q280658,Ipswich Town F.C.,https://www.wikidata.org/entity/Q9653,Iraq,https://www.wikidata.org/entity/Q796,right-footedness,https://www.wikidata.org/entity/Q1843233,2002-01-03,0.05,0.35,0,0
Marc Albrighton,midfielder,https://www.wikidata.org/entity/Q193592,Leicester City F.C.,https://www.wikidata.org/entity/Q19481,England,https://www.wikidata.org/entity/Q21,n/a,,1989-11-18,0,0,0,0
Carlos Alcaraz,midfielder,https://www.wikidata.org/entity/Q193592,Everton F.C.,https://www.wikidata.org/entity/Q5794,Argentina,https://www.wikidata.org/entity/Q414,right-footedness,https://www.wikidata.org/entity/Q1843233,2002-11-30,0.03,0.07,3,2
Thiago Alcântara,midfielder,https://www.wikidata.org/entity/Q193592,Liverpool F.C.,https://www.wikidata.org/entity/Q1130849,Spain,https://www.wikidata.org/entity/Q29,right-footedness,https://www.wikidata.org/entity/Q1843233,1991-11-04,0,0,0,0
Trent Alexander-Arnold,defender,https://www.wikidata.org/entity/Q336286,Liverpool F.C.,https://www.wikidata.org/entity/Q1130849,England,https://www.wikidata.org/entity/Q21,right-footedness,https://www.wikidata.org/entity/Q1843233,1998-07-10,7.37,1.88,6,3
Farid Alfa-Ruprecht,forward,https://www.wikidata.org/entity/Q280658,Manchester City F.C.,https://www.wikidata.org/entity/Q50602,Germany,https://www.wikidata.org/entity/Q183,right-footedness,https://www.wikidata.org/entity/Q1843233,2006-03-28,0,0,0,0
Sonny Aljofree,defender,https://www.wikidata.org/entity/Q336286,Manchester United F.C.,https://www.wikidata.org/entity/Q18656,England,https://www.wikidata.org/entity/Q21,n/a,,2004-12-19,0,0,0,0
Max Alleyne,defender,https://www.wikidata.org/entity/Q336286,Manchester City F.C.,https://www.wikidata.org/entity/Q50602,England,https://www.wikidata.org/entity/Q21,two-footedness,https://www.wikidata.org/entity/Q136817382,2005-07-21,0,0,0,0
Dele Alli,midfielder,https://www.wikidata.org/entity/Q193592,Everton F.C.,https://www.wikidata.org/entity/Q5794,England,https://www.wikidata.org/entity/Q21,n/a,,1996-11-04,0,0,0,0
Miguel Almirón,midfielder,https://www.wikidata.org/entity/Q193592,Newcastle United F.C.,https://www.wikidata.org/entity/Q18716,Paraguay,https://www.wikidata.org/entity/Q733,two-footedness,https://www.wikidata.org/entity/Q136817382,1994-10-02,0.2,0.52,0,0
Sone Aluko,forward,https://www.wikidata.org/entity/Q280658,Ipswich Town F.C.,https://www.wikidata.org/entity/Q9653,Nigeria,https://www.wikidata.org/entity/Q1033,n/a,,1989-02-19,0,0,0,0
Olabade Aluko,defender,https://www.wikidata.org/entity/Q336286,Leicester City F.C.,https://www.wikidata.org/entity/Q19481,England,https://www.wikidata.org/entity/Q21,right-footedness,https://www.wikidata.org/entity/Q1843233,2006-11-30,0,0,0,0
Will Alves,midfielder,https://www.wikidata.org/entity/Q193592,Leicester City F.C.,https://www.wikidata.org/entity/Q19481,England,https://www.wikidata.org/entity/Q21,right-footedness,https://www.wikidata.org/entity/Q1843233,2005-04-05,0,0,0,0
Carlos Vinícius,forward,https://www.wikidata.org/entity/Q280658,Fulham F.C.,https://www.wikidata.org/entity/Q18708,Brazil,https://www.wikidata.org/entity/Q155,left-footedness,https://www.wikidata.org/entity/Q2183543,1995-03-25,0,0.04,0,0
Cédric Soares,defender,https://www.wikidata.org/entity/Q336286,Arsenal F.C.,https://www.wikidata.org/entity/Q9617,Portugal,https://www.wikidata.org/entity/Q45,right-footedness,https://www.wikidata.org/entity/Q1843233,1991-08-31,0,0,0,0
Steven Alzate,midfielder,https://www.wikidata.org/entity/Q193592,Brighton & Hove Albion F.C.,https://www.wikidata.org/entity/Q19453,Colombia,https://www.wikidata.org/entity/Q739,right-footedness,https://www.wikidata.org/entity/Q1843233,1998-08-09,0,0,0,0
Harry Amass,defender,https://www.wikidata.org/entity/Q336286,Manchester United F.C.,https://www.wikidata.org/entity/Q18656,England,https://www.wikidata.org/entity/Q21,left-footedness,https://www.wikidata.org/entity/Q2183543,2007-03-16,0.07,0.07,0,0
Samuel Amissah,defender,https://www.wikidata.org/entity/Q336286,Fulham F.C.,https://www.wikidata.org/entity/Q18708,England,https://www.wikidata.org/entity/Q21,two-footedness,https://www.wikidata.org/entity/Q136817382,2007-07-03,0,0,0,0
Sam Amo-Ameyaw,midfielder,https://www.wikidata.org/entity/Q193592,Southampton F.C.,https://www.wikidata.org/entity/Q18732,England,https://www.wikidata.org/entity/Q21,left-footedness,https://www.wikidata.org/entity/Q2183543,2006-07-18,0.13,0.02,0,0
Mathis Amougou,midfielder,https://www.wikidata.org/entity/Q193592,Chelsea F.C.,https://www.wikidata.org/entity/Q9616,France,https://www.wikidata.org/entity/Q142,right-footedness,https://www.wikidata.org/entity/Q1843233,2006-01-18,0,0,0,0
Ato Ampah,forward,https://www.wikidata.org/entity/Q280658,Chelsea F.C.,https://www.wikidata.org/entity/Q9616,England,https://www.wikidata.org/entity/Q21,right-footedness,https://www.wikidata.org/entity/Q1843233,2006-04-22,0,0,0,0
Sofyan Amrabat,midfielder,https://www.wikidata.org/entity/Q193592,Manchester United F.C.,https://www.wikidata.org/entity/Q18656,Morocco,https://www.wikidata.org/entity/Q1028,right-footedness,https://www.wikidata.org/entity/Q1843233,1996-08-21,0,0,0,0
Joseph Anang,goalkeeper,https://www.wikidata.org/entity/Q201330,West Ham United F.C.,https://www.wikidata.org/entity/Q18747,England,https://www.wikidata.org/entity/Q21,n/a,,2000-08-06,0,0,0,0
Joachim Andersen,defender,https://www.wikidata.org/entity/Q336286,Fulham F.C.,https://www.wikidata.org/entity/Q18708,Denmark,https://www.wikidata.org/entity/Q35,right-footedness,https://www.wikidata.org/entity/Q1843233,1996-05-31,0.52,1.02,0,0
Elliot Anderson,midfielder,https://www.wikidata.org/entity/Q193592,Nottingham Forest F.C.,https://www.wikidata.org/entity/Q19490,England,https://www.wikidata.org/entity/Q21,right-footedness,https://www.wikidata.org/entity/Q1843233,2002-06-11,3.63,2.11,6,2
Vincent Angelini,goalkeeper,https://www.wikidata.org/entity/Q201330,Brentford F.C.,https://www.wikidata.org/entity/Q19571,Scotland,https://www.wikidata.org/entity/Q22,n/a,,2003-12-09,0,0,0,0
Tino Anjorin,midfielder,https://www.wikidata.org/entity/Q193592,Chelsea F.C.,https://www.wikidata.org/entity/Q9616,England,https://www.wikidata.org/entity/Q21,n/a,,2001-11-23,0,0,0,0
Aarón Anselmino,defender,https://www.wikidata.org/entity/Q336286,Chelsea F.C.,https://www.wikidata.org/entity/Q9616,Argentina,https://www.wikidata.org/entity/Q414,right-footedness,https://www.wikidata.org/entity/Q1843233,2005-04-29,0,0,0,0
Jaidon Anthony,forward,https://www.wikidata.org/entity/Q280658,AFC Bournemouth,https://www.wikidata.org/entity/Q19568,England,https://www.wikidata.org/entity/Q21,right-footedness,https://www.wikidata.org/entity/Q1843233,1999-01-12,0,0,0,0
Michail Antonio,forward,https://www.wikidata.org/entity/Q280658,West Ham United F.C.,https://www.wikidata.org/entity/Q18747,Jamaica,https://www.wikidata.org/entity/Q766,right-footedness,https://www.wikidata.org/entity/Q1843233,1990-03-28,0.93,2.22,1,1
Genesis Antwi,defender,https://www.wikidata.org/entity/Q336286,Chelsea F.C.,https://www.wikidata.org/entity/Q9616,Sweden,https://www.wikidata.org/entity/Q34,right-footedness,https://www.wikidata.org/entity/Q1843233,2007-11-05,0,0,0,0
Joelinton,midfielder,https://www.wikidata.org/entity/Q193592,Newcastle United F.C.,https://www.wikidata.org/entity/Q18716,Brazil,https://www.wikidata.org/entity/Q155,right-footedness,https://www.wikidata.org/entity/Q1843233,1996-08-14,2.33,3.95,3,4
Julián Araujo,defender,https://www.wikidata.org/entity/Q336286,AFC Bournemouth,https://www.wikidata.org/entity/Q19568,Mexico,https://www.wikidata.org/entity/Q96,right-footedness,https://www.wikidata.org/entity/Q1843233,2001-08-13,0.1,0,0,0
Cameron Archer,forward,https://www.wikidata.org/entity/Q280658,Southampton F.C.,https://www.wikidata.org/entity/Q18732,England,https://www.wikidata.org/entity/Q21,right-footedness,https://www.wikidata.org/entity/Q1843233,2001-09-12,0.73,5.72,0,2
Alphonse Areola,goalkeeper,https://www.wikidata.org/entity/Q201330,West Ham United F.C.,https://www.wikidata.org/entity/Q18747,France,https://www.wikidata.org/entity/Q142,right-footedness,https://www.wikidata.org/entity/Q1843233,1993-02-27,0,0,0,0
Joe Aribo,midfielder,https://www.wikidata.org/entity/Q193592,Southampton F.C.,https://www.wikidata.org/entity/Q18732,Nigeria,https://www.wikidata.org/entity/Q1033,left-footedness,https://www.wikidata.org/entity/Q2183543,1996-07-21,1.25,2.7,0,3
Adam Armstrong,forward,https://www.wikidata.org/entity/Q280658,Southampton F.C.,https://www.wikidata.org/entity/Q18732,England,https://www.wikidata.org/entity/Q21,right-footedness,https://www.wikidata.org/entity/Q1843233,1997-10-02,0.57,3.28,2,2
Harrison Armstrong,midfielder,https://www.wikidata.org/entity/Q193592,Everton F.C.,https://www.wikidata.org/entity/Q5794,England,https://www.wikidata.org/entity/Q21,right-footedness,https://www.wikidata.org/entity/Q1843233,2007-01-19,0,0.37,0,0
Stuart Armstrong,midfielder,https://www.wikidata.org/entity/Q193592,Southampton F.C.,https://www.wikidata.org/entity/Q18732,Scotland,https://www.wikidata.org/entity/Q22,right-footedness,https://www.wikidata.org/entity/Q1843233,1992-03-30,0,0,0,0
Kepa,goalkeeper,https://www.wikidata.org/entity/Q201330,AFC Bournemouth,https://www.wikidata.org/entity/Q19568,Spain,https://www.wikidata.org/entity/Q29,right-footedness,https://www.wikidata.org/entity/Q1843233,1994-03-10,0,0,0,0
Benjamin Arthur,defender,https://www.wikidata.org/entity/Q336286,Brentford F.C.,https://www.wikidata.org/entity/Q19571,England,https://www.wikidata.org/entity/Q21,right-footedness,https://www.wikidata.org/entity/Q1843233,2005-09-10,0,0,0,0
Marco Asensio,forward,https://www.wikidata.org/entity/Q280658,Aston Villa F.C.,https://www.wikidata.org/entity/Q18711,Spain,https://www.wikidata.org/entity/Q29,left-footedness,https://www.wikidata.org/entity/Q2183543,1996-01-21,1.16,4.43,1,3
Harrison Ashby,defender,https://www.wikidata.org/entity/Q336286,Newcastle United F.C.,https://www.wikidata.org/entity/Q18716,Scotland,https://www.wikidata.org/entity/Q22,right-footedness,https://www.wikidata.org/entity/Q1843233,2001-11-14,0,0,0,0
Noël Atom,defender,https://www.wikidata.org/entity/Q336286,Brighton & Hove Albion F.C.,https://www.wikidata.org/entity/Q19453,Germany,https://www.wikidata.org/entity/Q183,left-footedness,https://www.wikidata.org/entity/Q2183543,2005-05-01,0,0,0,0
Brandon Austin,goalkeeper,https://www.wikidata.org/entity/Q201330,Tottenham Hotspur F.C.,https://www.wikidata.org/entity/Q18741,England,https://www.wikidata.org/entity/Q21,right-footedness,https://www.wikidata.org/entity/Q1843233,1999-08-01,0,0,0,0
Taiwo Awoniyi,forward,https://www.wikidata.org/entity/Q280658,Nottingham Forest F.C.,https://www.wikidata.org/entity/Q19490,Nigeria,https://www.wikidata.org/entity/Q1033,right-footedness,https://www.wikidata.org/entity/Q1843233,1997-12-08,0.12,2.12,0,1
Yasin Ayari,midfielder,https://www.wikidata.org/entity/Q193592,Brighton & Hove Albion F.C.,https://www.wikidata.org/entity/Q19453,Sweden,https://www.wikidata.org/entity/Q34,right-footedness,https://www.wikidata.org/entity/Q1843233,2003-06-10,2.64,2.44,1,2
Jordan Ayew,forward,https://www.wikidata.org/entity/Q280658,Leicester City F.C.,https://www.wikidata.org/entity/Q19481,Ghana,https://www.wikidata.org/entity/Q117,right-footedness,https://www.wikidata.org/entity/Q1843233,1991-11-09,0.01,0.46,0,5
Leon Ayinde,midfielder,https://www.wikidata.org/entity/Q193592,Ipswich Town F.C.,https://www.wikidata.org/entity/Q9653,Ireland,https://www.wikidata.org/entity/Q27,n/a,,2004-05-09,0,0,0,0
Rayan Aït-Nouri,defender,https://www.wikidata.org/entity/Q336286,Wolverhampton Wanderers F.C.,https://www.wikidata.org/entity/Q19500,Algeria,https://www.wikidata.org/entity/Q262,left-footedness,https://www.wikidata.org/entity/Q2183543,2001-06-06,4,2.69,7,4
Benoît Badiashile,defender,https://www.wikidata.org/entity/Q336286,Chelsea F.C.,https://www.wikidata.org/entity/Q9616,France,https://www.wikidata.org/entity/Q142,left-footedness,https://www.wikidata.org/entity/Q2183543,2001-03-26,0.08,0,0,0
Elkan Baggott,defender,https://www.wikidata.org/entity/Q336286,Ipswich Town F.C.,https://www.wikidata.org/entity/Q9653,Indonesia,https://www.wikidata.org/entity/Q252,left-footedness,https://www.wikidata.org/entity/Q2183543,2002-10-23,0,0,0,0
Leon Bailey,midfielder,https://www.wikidata.org/entity/Q193592,Aston Villa F.C.,https://www.wikidata.org/entity/Q18711,Jamaica,https://www.wikidata.org/entity/Q766,left-footedness,https://www.wikidata.org/entity/Q2183543,1997-09-08,2.95,1.73,2,1
Stefan Bajcetic,midfielder,https://www.wikidata.org/entity/Q193592,Liverpool F.C.,https://www.wikidata.org/entity/Q1130849,Spain,https://www.wikidata.org/entity/Q29,right-footedness,https://www.wikidata.org/entity/Q1843233,2004-10-22,0,0,0,0
Benicio Baker-Boaitey,forward,https://www.wikidata.org/entity/Q280658,Brighton & Hove Albion F.C.,https://www.wikidata.org/entity/Q19453,England,https://www.wikidata.org/entity/Q21,n/a,,2004-09-01,0,0,0,0
Ellery Balcombe,goalkeeper,https://www.wikidata.org/entity/Q201330,Brentford F.C.,https://www.wikidata.org/entity/Q19571,England,https://www.wikidata.org/entity/Q21,right-footedness,https://www.wikidata.org/entity/Q1843233,1999-10-15,0,0,0,0
Carlos Baleba,midfielder,https://www.wikidata.org/entity/Q193592,Brighton & Hove Albion F.C.,https://www.wikidata.org/entity/Q19453,Cameroon,https://www.wikidata.org/entity/Q1009,left-footedness,https://www.wikidata.org/entity/Q2183543,2004-03-01,1.21,3.08,1,3
Dominic Ball,defender,https://www.wikidata.org/entity/Q336286,Ipswich Town F.C.,https://www.wikidata.org/entity/Q9653,England,https://www.wikidata.org/entity/Q21,right-footedness,https://www.wikidata.org/entity/Q1843233,1995-02-08,0,0,0,0
Dom Ballard,forward,https://www.wikidata.org/entity/Q280658,Southampton F.C.,https://www.wikidata.org/entity/Q18732,England,https://www.wikidata.org/entity/Q21,n/a,,2005-01-04,0,0,0,0
Emilio Ballard-Matthews,forward,https://www.wikidata.org/entity/Q280658,Wolverhampton Wanderers F.C.,https://www.wikidata.org/entity/Q19500,England,https://www.wikidata.org/entity/Q21,two-footedness,https://www.wikidata.org/entity/Q136817382,2008-11-08,0,0,0,0
Fodé Ballo-Touré,defender,https://www.wikidata.org/entity/Q336286,Fulham F.C.,https://www.wikidata.org/entity/Q18708,Senegal,https://www.wikidata.org/entity/Q1041,left-footedness,https://www.wikidata.org/entity/Q2183543,1997-03-01,0,0,0,0
Shandon Baptiste,midfielder,https://www.wikidata.org/entity/Q193592,Brentford F.C.,https://www.wikidata.org/entity/Q19571,Grenada,https://www.wikidata.org/entity/Q769,right-footedness,https://www.wikidata.org/entity/Q1843233,1998-08-04,0,0,0,0
Ricardo Pereira,defender,https://www.wikidata.org/entity/Q336286,Leicester City F.C.,https://www.wikidata.org/entity/Q19481,Portugal,https://www.wikidata.org/entity/Q45,right-footedness,https://www.wikidata.org/entity/Q1843233,1993-06-10,0.08,0.09,0,0
Valentín Barco,defender,https://www.wikidata.org/entity/Q336286,Brighton & Hove Albion F.C.,https://www.wikidata.org/entity/Q19453,Argentina,https://www.wikidata.org/entity/Q414,left-footedness,https://www.wikidata.org/entity/Q2183543,2004-07-23,0,0,0,0
Owen Barker,midfielder,https://www.wikidata.org/entity/Q193592,Everton F.C.,https://www.wikidata.org/entity/Q5794,England,https://www.wikidata.org/entity/Q21,right-footedness,https://www.wikidata.org/entity/Q1843233,2005-02-23,0,0,0,0
Ross Barkley,midfielder,https://www.wikidata.org/entity/Q193592,Aston Villa F.C.,https://www.wikidata.org/entity/Q18711,England,https://www.wikidata.org/entity/Q21,right-footedness,https://www.wikidata.org/entity/Q1843233,1993-05-12,0.43,1.76,1,3
Harvey Barnes,midfielder,https://www.wikidata.org/entity/Q193592,Newcastle United F.C.,https://www.wikidata.org/entity/Q18716,England,https://www.wikidata.org/entity/Q21,right-footedness,https://www.wikidata.org/entity/Q1843233,1997-09-12,0,0,0,0
Ty Barnett,forward,https://www.wikidata.org/entity/Q280658,Wolverhampton Wanderers F.C.,https://www.wikidata.org/entity/Q19500,England,https://www.wikidata.org/entity/Q21,right-footedness,https://www.wikidata.org/entity/Q1843233,2005-03-08,0,0,0,0
Enzo Barrenechea,midfielder,https://www.wikidata.org/entity/Q193592,Aston Villa F.C.,https://www.wikidata.org/entity/Q18711,Argentina,https://www.wikidata.org/entity/Q414,left-footedness,https://www.wikidata.org/entity/Q2183543,2001-05-22,0,0,0,0
Luca Barrington,forward,https://www.wikidata.org/entity/Q280658,Brighton & Hove Albion F.C.,https://www.wikidata.org/entity/Q19453,England,https://www.wikidata.org/entity/Q21,n/a,,2004-12-12,0,0,0,0
Calvin Bassey,defender,https://www.wikidata.org/entity/Q336286,Fulham F.C.,https://www.wikidata.org/entity/Q18708,Nigeria,https://www.wikidata.org/entity/Q1033,left-footedness,https://www.wikidata.org/entity/Q2183543,1999-12-31,0.44,1.02,0,1
Callum Bates,midfielder,https://www.wikidata.org/entity/Q193592,Everton F.C.,https://www.wikidata.org/entity/Q5794,England,https://www.wikidata.org/entity/Q21,right-footedness,https://www.wikidata.org/entity/Q1843233,2005-09-28,0,0,0,0
Stevie Bausor,goalkeeper,https://www.wikidata.org/entity/Q201330,Leicester City F.C.,https://www.wikidata.org/entity/Q19481,England,https://www.wikidata.org/entity/Q21,n/a,,2005-11-05,0,0,0,0
Altay Bayindir,goalkeeper,https://www.wikidata.org/entity/Q201330,Manchester United F.C.,https://www.wikidata.org/entity/Q18656,Turkey,https://www.wikidata.org/entity/Q43,right-footedness,https://www.wikidata.org/entity/Q1843233,1998-04-14,0,0,0,0
Gavin Bazunu,goalkeeper,https://www.wikidata.org/entity/Q201330,Southampton F.C.,https://www.wikidata.org/entity/Q18732,Ireland,https://www.wikidata.org/entity/Q27,right-footedness,https://www.wikidata.org/entity/Q1843233,2002-02-20,0,0,0,0
Eddie Beach,goalkeeper,https://www.wikidata.org/entity/Q201330,Chelsea F.C.,https://www.wikidata.org/entity/Q9616,Wales,https://www.wikidata.org/entity/Q25,right-footedness,https://www.wikidata.org/entity/Q1843233,2003-09-10,0,0,0,0
Owen Beck,defender,https://www.wikidata.org/entity/Q336286,Liverpool F.C.,https://www.wikidata.org/entity/Q1130849,Wales,https://www.wikidata.org/entity/Q25,left-footedness,https://www.wikidata.org/entity/Q2183543,2002-09-08,0,0,0,0
Alisson Becker,goalkeeper,https://www.wikidata.org/entity/Q201330,Liverpool F.C.,https://www.wikidata.org/entity/Q1130849,Brazil,https://www.wikidata.org/entity/Q155,right-footedness,https://www.wikidata.org/entity/Q1843233,1992-02-10,0,0,0,0
Jan Bednarek,defender,https://www.wikidata.org/entity/Q336286,Southampton F.C.,https://www.wikidata.org/entity/Q18732,Poland,https://www.wikidata.org/entity/Q36,right-footedness,https://www.wikidata.org/entity/Q1843233,1996-12-04,0.85,0.65,0,2
Asmir Begovic,goalkeeper,https://www.wikidata.org/entity/Q201330,Everton F.C.,https://www.wikidata.org/entity/Q5794,Bosnia and Herzegovina,https://www.wikidata.org/entity/Q225,right-footedness,https://www.wikidata.org/entity/Q1843233,1987-06-20,0,0,0,0
Armel Bella-Kotchap,defender,https://www.wikidata.org/entity/Q336286,Southampton F.C.,https://www.wikidata.org/entity/Q18732,Germany,https://www.wikidata.org/entity/Q183,right-footedness,https://www.wikidata.org/entity/Q1843233,2001-11-12,0.02,0.32,0,0
Jean-Ricner Bellegarde,midfielder,https://www.wikidata.org/entity/Q193592,Wolverhampton Wanderers F.C.,https://www.wikidata.org/entity/Q19500,France,https://www.wikidata.org/entity/Q142,right-footedness,https://www.wikidata.org/entity/Q1843233,1998-06-27,2.75,1.53,7,2
Steven Benda,goalkeeper,https://www.wikidata.org/entity/Q201330,Fulham F.C.,https://www.wikidata.org/entity/Q18708,Germany,https://www.wikidata.org/entity/Q183,right-footedness,https://www.wikidata.org/entity/Q1843233,1998-01-10,0,0,0,0
Lewys Benjamin,goalkeeper,https://www.wikidata.org/entity/Q201330,Wolverhampton Wanderers F.C.,https://www.wikidata.org/entity/Q19500,Wales,https://www.wikidata.org/entity/Q25,n/a,,2006-11-28,0,0,0,0
Rhys Bennett,defender,https://www.wikidata.org/entity/Q336286,Manchester United F.C.,https://www.wikidata.org/entity/Q18656,England,https://www.wikidata.org/entity/Q21,right-footedness,https://www.wikidata.org/entity/Q1843233,2003-10-30,0,0,0,0
Saïd Benrahma,forward,https://www.wikidata.org/entity/Q280658,West Ham United F.C.,https://www.wikidata.org/entity/Q18747,Algeria,https://www.wikidata.org/entity/Q262,right-footedness,https://www.wikidata.org/entity/Q1843233,1995-10-08,0,0,0,0
Rodrigo Bentancur,midfielder,https://www.wikidata.org/entity/Q193592,Tottenham Hotspur F.C.,https://www.wikidata.org/entity/Q18741,Uruguay,https://www.wikidata.org/entity/Q77,right-footedness,https://www.wikidata.org/entity/Q1843233,1997-06-25,1,1.33,0,2
Dan Bentley,goalkeeper,https://www.wikidata.org/entity/Q201330,Wolverhampton Wanderers F.C.,https://www.wikidata.org/entity/Q19500,England,https://www.wikidata.org/entity/Q21,right-footedness,https://www.wikidata.org/entity/Q1843233,1993-07-13,0,0,0,0
Sander Berge,midfielder,https://www.wikidata.org/entity/Q193592,Fulham F.C.,https://www.wikidata.org/entity/Q18708,Norway,https://www.wikidata.org/entity/Q20,right-footedness,https://www.wikidata.org/entity/Q1843233,1998-02-14,0.63,0.35,0,0
Lucas Bergström,goalkeeper,https://www.wikidata.org/entity/Q201330,Chelsea F.C.,https://www.wikidata.org/entity/Q9616,Finland,https://www.wikidata.org/entity/Q33,right-footedness,https://www.wikidata.org/entity/Q1843233,2002-05-09,0,0,0,0
Lucas Bergvall,midfielder,https://www.wikidata.org/entity/Q193592,Tottenham Hotspur F.C.,https://www.wikidata.org/entity/Q18741,Sweden,https://www.wikidata.org/entity/Q34,right-footedness,https://www.wikidata.org/entity/Q1843233,2006-02-02,0.82,0.7,1,0
Marcus Bettinelli,goalkeeper,https://www.wikidata.org/entity/Q201330,Chelsea F.C.,https://www.wikidata.org/entity/Q9616,England,https://www.wikidata.org/entity/Q21,right-footedness,https://www.wikidata.org/entity/Q1843233,1992-05-24,0,0,0,0
Mika Biereth,forward,https://www.wikidata.org/entity/Q280658,Arsenal F.C.,https://www.wikidata.org/entity/Q9617,Denmark,https://www.wikidata.org/entity/Q35,right-footedness,https://www.wikidata.org/entity/Q1843233,2003-08-02,0,0,0,0
Philip Billing,midfielder,https://www.wikidata.org/entity/Q193592,AFC Bournemouth,https://www.wikidata.org/entity/Q19568,Denmark,https://www.wikidata.org/entity/Q35,left-footedness,https://www.wikidata.org/entity/Q2183543,1996-11-06,0.95,0.56,0,0
Yves Bissouma,midfielder,https://www.wikidata.org/entity/Q193592,Tottenham Hotspur F.C.,https://www.wikidata.org/entity/Q18741,Mali,https://www.wikidata.org/entity/Q912,right-footedness,https://www.wikidata.org/entity/Q1843233,1996-08-30,0.63,0.63,0,2
Leo Black,forward,https://www.wikidata.org/entity/Q280658,Tottenham Hotspur F.C.,https://www.wikidata.org/entity/Q18741,England,https://www.wikidata.org/entity/Q21,right-footedness,https://www.wikidata.org/entity/Q1843233,2006-09-02,0,0,0,0
Harvey Blair,forward,https://www.wikidata.org/entity/Q280658,Liverpool F.C.,https://www.wikidata.org/entity/Q1130849,England,https://www.wikidata.org/entity/Q21,right-footedness,https://www.wikidata.org/entity/Q1843233,2003-09-14,0,0,0,0
Malachi Boateng,midfielder,https://www.wikidata.org/entity/Q193592,Crystal Palace F.C.,https://www.wikidata.org/entity/Q19467,England,https://www.wikidata.org/entity/Q21,right-footedness,https://www.wikidata.org/entity/Q1843233,2002-05-07,0,0,0,0
Oscar Bobb,midfielder,https://www.wikidata.org/entity/Q193592,Manchester City F.C.,https://www.wikidata.org/entity/Q50602,Norway,https://www.wikidata.org/entity/Q20,left-footedness,https://www.wikidata.org/entity/Q2183543,2003-12-07,0.02,0,0,0
Lamare Bogarde,defender,https://www.wikidata.org/entity/Q336286,Aston Villa F.C.,https://www.wikidata.org/entity/Q18711,Netherlands,https://www.wikidata.org/entity/Q55,right-footedness,https://www.wikidata.org/entity/Q1843233,2004-05-01,0.13,0.04,0,0
Bendegúz Bolla,defender,https://www.wikidata.org/entity/Q336286,Wolverhampton Wanderers F.C.,https://www.wikidata.org/entity/Q19500,Hungary,https://www.wikidata.org/entity/Q28,right-footedness,https://www.wikidata.org/entity/Q1843233,1999-11-22,0,0,0,0
Willy-Arnaud Boly,defender,https://www.wikidata.org/entity/Q336286,Nottingham Forest F.C.,https://www.wikidata.org/entity/Q19490,Ivory Coast,https://www.wikidata.org/entity/Q1008,right-footedness,https://www.wikidata.org/entity/Q1843233,1991-03-02,0,0.07,0,0
Somto Boniface,defender,https://www.wikidata.org/entity/Q336286,Ipswich Town F.C.,https://www.wikidata.org/entity/Q9653,England,https://www.wikidata.org/entity/Q21,left-footedness,https://www.wikidata.org/entity/Q2183543,2006-11-03,0,0,0,0
Beau Booth,midfielder,https://www.wikidata.org/entity/Q193592,Brentford F.C.,https://www.wikidata.org/entity/Q19571,England,https://www.wikidata.org/entity/Q21,n/a,,2005-12-17,0,0,0,0
Ângelo,forward,https://www.wikidata.org/entity/Q280658,Chelsea F.C.,https://www.wikidata.org/entity/Q9616,Brazil,https://www.wikidata.org/entity/Q155,left-footedness,https://www.wikidata.org/entity/Q2183543,2004-12-21,0,0,0,0
Bruno Fernandes,midfielder,https://www.wikidata.org/entity/Q193592,Manchester United F.C.,https://www.wikidata.org/entity/Q18656,Portugal,https://www.wikidata.org/entity/Q45,right-footedness,https://www.wikidata.org/entity/Q1843233,1994-08-09,7.98,9.95,10,8
Willian,forward,https://www.wikidata.org/entity/Q280658,Fulham F.C.,https://www.wikidata.org/entity/Q18708,Brazil,https://www.wikidata.org/entity/Q155,right-footedness,https://www.wikidata.org/entity/Q1843233,1988-09-08,0.71,0.28,0,0
Aidan Borland,midfielder,https://www.wikidata.org/entity/Q193592,Aston Villa F.C.,https://www.wikidata.org/entity/Q18711,Scotland,https://www.wikidata.org/entity/Q22,left-footedness,https://www.wikidata.org/entity/Q2183543,2007-04-25,0,0,0,0
Alex Borto,goalkeeper,https://www.wikidata.org/entity/Q201330,Fulham F.C.,https://www.wikidata.org/entity/Q18708,United States,https://www.wikidata.org/entity/Q30,right-footedness,https://www.wikidata.org/entity/Q1843233,2003-06-11,0,0,0,0
Sven Botman,defender,https://www.wikidata.org/entity/Q336286,Newcastle United F.C.,https://www.wikidata.org/entity/Q18716,Netherlands,https://www.wikidata.org/entity/Q55,left-footedness,https://www.wikidata.org/entity/Q2183543,2000-12-01,0.23,0.59,0,0
Jarrod Bowen,forward,https://www.wikidata.org/entity/Q280658,West Ham United F.C.,https://www.wikidata.org/entity/Q18747,England,https://www.wikidata.org/entity/Q21,left-footedness,https://www.wikidata.org/entity/Q2183543,1996-12-20,6.47,8.65,8,13
Josh Bowler,midfielder,https://www.wikidata.org/entity/Q193592,Nottingham Forest F.C.,https://www.wikidata.org/entity/Q19490,England,https://www.wikidata.org/entity/Q21,left-footedness,https://www.wikidata.org/entity/Q2183543,1999-05-03,0,0,0,0
Conor Bradley,defender,https://www.wikidata.org/entity/Q336286,Liverpool F.C.,https://www.wikidata.org/entity/Q1130849,Northern Ireland,https://www.wikidata.org/entity/Q26,right-footedness,https://www.wikidata.org/entity/Q1843233,2003-09-07,0,0,0,0
Zak Bradshaw,defender,https://www.wikidata.org/entity/Q336286,Ipswich Town F.C.,https://www.wikidata.org/entity/Q9653,England,https://www.wikidata.org/entity/Q21,left-footedness,https://www.wikidata.org/entity/Q2183543,2003-09-22,0,0,0,0
Cameron Bragg,midfielder,https://www.wikidata.org/entity/Q193592,Southampton F.C.,https://www.wikidata.org/entity/Q18732,England,https://www.wikidata.org/entity/Q21,right-footedness,https://www.wikidata.org/entity/Q1843233,2005-10-04,0,0,0,0
Kaden Braithwaite,defender,https://www.wikidata.org/entity/Q336286,Manchester City F.C.,https://www.wikidata.org/entity/Q50602,England,https://www.wikidata.org/entity/Q21,left-footedness,https://www.wikidata.org/entity/Q2183543,2008-08-02,0,0,0,0
Jarrad Branthwaite,defender,https://www.wikidata.org/entity/Q336286,Everton F.C.,https://www.wikidata.org/entity/Q5794,England,https://www.wikidata.org/entity/Q21,left-footedness,https://www.wikidata.org/entity/Q2183543,2002-06-27,0.6,1.2,1,0
Sammy Braybrooke,midfielder,https://www.wikidata.org/entity/Q193592,Leicester City F.C.,https://www.wikidata.org/entity/Q19481,England,https://www.wikidata.org/entity/Q21,right-footedness,https://www.wikidata.org/entity/Q1843233,2004-12-03,0,0,0,0
James Bree,defender,https://www.wikidata.org/entity/Q336286,Southampton F.C.,https://www.wikidata.org/entity/Q18732,England,https://www.wikidata.org/entity/Q21,right-footedness,https://www.wikidata.org/entity/Q1843233,1997-11-12,0.7,0.11,1,0
Ben Brereton,forward,https://www.wikidata.org/entity/Q280658,Southampton F.C.,https://www.wikidata.org/entity/Q18732,Chile,https://www.wikidata.org/entity/Q298,right-footedness,https://www.wikidata.org/entity/Q1843233,1999-04-18,0.14,0.91,0,0
Ethan Brierley,midfielder,https://www.wikidata.org/entity/Q193592,Brentford F.C.,https://www.wikidata.org/entity/Q19571,England,https://www.wikidata.org/entity/Q21,n/a,,2003-11-23,0,0,0,0
Logan Briggs,midfielder,https://www.wikidata.org/entity/Q193592,Leicester City F.C.,https://www.wikidata.org/entity/Q19481,England,https://www.wikidata.org/entity/Q21,n/a,,2005-07-02,0,0,0,0
Spike Brits,goalkeeper,https://www.wikidata.org/entity/Q201330,Manchester City F.C.,https://www.wikidata.org/entity/Q50602,England,https://www.wikidata.org/entity/Q21,right-footedness,https://www.wikidata.org/entity/Q1843233,2007-06-24,0,0,0,0
Nathan Broadhead,forward,https://www.wikidata.org/entity/Q280658,Ipswich Town F.C.,https://www.wikidata.org/entity/Q9653,Wales,https://www.wikidata.org/entity/Q25,right-footedness,https://www.wikidata.org/entity/Q1843233,1998-05-04,1.08,1.73,0,2
Ben Broggio,midfielder,https://www.wikidata.org/entity/Q193592,Aston Villa F.C.,https://www.wikidata.org/entity/Q18711,England,https://www.wikidata.org/entity/Q21,right-footedness,https://www.wikidata.org/entity/Q1843233,2007-01-29,0,0,0,0
Armando Broja,forward,https://www.wikidata.org/entity/Q280658,Everton F.C.,https://www.wikidata.org/entity/Q5794,Albania,https://www.wikidata.org/entity/Q222,right-footedness,https://www.wikidata.org/entity/Q1843233,2001-10-09,0,0,0,0
Josh Brooking,defender,https://www.wikidata.org/entity/Q336286,Chelsea F.C.,https://www.wikidata.org/entity/Q9616,England,https://www.wikidata.org/entity/Q21,n/a,,2002-01-09,0,0,0,0
David Brooks,midfielder,https://www.wikidata.org/entity/Q193592,AFC Bournemouth,https://www.wikidata.org/entity/Q19568,Wales,https://www.wikidata.org/entity/Q25,left-footedness,https://www.wikidata.org/entity/Q2183543,1997-08-07,2.02,2.52,0,2
Gerard Buabo,forward,https://www.wikidata.org/entity/Q280658,Ipswich Town F.C.,https://www.wikidata.org/entity/Q9653,England,https://www.wikidata.org/entity/Q21,n/a,,2005-05-24,0,0,0,0
Emiliano Buendía,midfielder,https://www.wikidata.org/entity/Q193592,Aston Villa F.C.,https://www.wikidata.org/entity/Q18711,Argentina,https://www.wikidata.org/entity/Q414,right-footedness,https://www.wikidata.org/entity/Q1843233,1996-12-25,0.04,0.65,0,0
Santiago Bueno,defender,https://www.wikidata.org/entity/Q336286,Wolverhampton Wanderers F.C.,https://www.wikidata.org/entity/Q19500,Uruguay,https://www.wikidata.org/entity/Q77,right-footedness,https://www.wikidata.org/entity/Q1843233,1998-09-11,0.12,0.43,0,0
Hugo Bueno,defender,https://www.wikidata.org/entity/Q336286,Wolverhampton Wanderers F.C.,https://www.wikidata.org/entity/Q19500,Spain,https://www.wikidata.org/entity/Q29,left-footedness,https://www.wikidata.org/entity/Q2183543,2002-09-18,0,0,0,0
Yan Couto,defender,https://www.wikidata.org/entity/Q336286,Manchester City F.C.,https://www.wikidata.org/entity/Q50602,Brazil,https://www.wikidata.org/entity/Q155,right-footedness,https://www.wikidata.org/entity/Q1843233,2002-03-06,0,0,0,0
Facundo Buonanotte,midfielder,https://www.wikidata.org/entity/Q193592,Leicester City F.C.,https://www.wikidata.org/entity/Q19481,Argentina,https://www.wikidata.org/entity/Q414,left-footedness,https://www.wikidata.org/entity/Q2183543,2004-12-23,2.27,3.93,2,5
Cameron Burgess,defender,https://www.wikidata.org/entity/Q336286,Ipswich Town F.C.,https://www.wikidata.org/entity/Q9653,Australia,https://www.wikidata.org/entity/Q408,left-footedness,https://www.wikidata.org/entity/Q2183543,1995-10-21,0.35,1.13,2,0
Dan Burn,defender,https://www.wikidata.org/entity/Q336286,Newcastle United F.C.,https://www.wikidata.org/entity/Q18716,England,https://www.wikidata.org/entity/Q21,left-footedness,https://www.wikidata.org/entity/Q2183543,1992-09-05,1.09,1.96,1,1
Wes Burns,forward,https://www.wikidata.org/entity/Q280658,Ipswich Town F.C.,https://www.wikidata.org/entity/Q9653,Wales,https://www.wikidata.org/entity/Q25,right-footedness,https://www.wikidata.org/entity/Q1843233,1994-11-23,1.17,0.51,1,0
Bradley Burrowes,midfielder,https://www.wikidata.org/entity/Q193592,Aston Villa F.C.,https://www.wikidata.org/entity/Q18711,England,https://www.wikidata.org/entity/Q21,n/a,,2008-04-03,0,0,0,0
Mason Burstow,forward,https://www.wikidata.org/entity/Q280658,Chelsea F.C.,https://www.wikidata.org/entity/Q9616,England,https://www.wikidata.org/entity/Q21,right-footedness,https://www.wikidata.org/entity/Q1843233,2003-04-08,0,0,0,0
Nathan Butler-Oyedeji,forward,https://www.wikidata.org/entity/Q280658,Arsenal F.C.,https://www.wikidata.org/entity/Q9617,England,https://www.wikidata.org/entity/Q21,right-footedness,https://www.wikidata.org/entity/Q1843233,2003-04-01,0,0.07,0,0
Luke Butterfield,midfielder,https://www.wikidata.org/entity/Q193592,Everton F.C.,https://www.wikidata.org/entity/Q5794,Scotland,https://www.wikidata.org/entity/Q22,right-footedness,https://www.wikidata.org/entity/Q1843233,2003-09-29,0,0,0,0
Nélson Semedo,defender,https://www.wikidata.org/entity/Q336286,Wolverhampton Wanderers F.C.,https://www.wikidata.org/entity/Q19500,Portugal,https://www.wikidata.org/entity/Q45,right-footedness,https://www.wikidata.org/entity/Q1843233,1993-11-16,1.71,0.89,4,0
Killian Cahill,goalkeeper,https://www.wikidata.org/entity/Q201330,Brighton & Hove Albion F.C.,https://www.wikidata.org/entity/Q19453,Ireland,https://www.wikidata.org/entity/Q27,right-footedness,https://www.wikidata.org/entity/Q1843233,2003-03-11,0,0,0,0
Moisés Caicedo,midfielder,https://www.wikidata.org/entity/Q193592,Chelsea F.C.,https://www.wikidata.org/entity/Q9616,Ecuador,https://www.wikidata.org/entity/Q736,right-footedness,https://www.wikidata.org/entity/Q1843233,2001-02-11,2.82,0.82,2,1
Tom Cairney,midfielder,https://www.wikidata.org/entity/Q193592,Fulham F.C.,https://www.wikidata.org/entity/Q18708,Scotland,https://www.wikidata.org/entity/Q22,left-footedness,https://www.wikidata.org/entity/Q2183543,1991-01-20,1.16,0.77,0,2
Jens Cajuste,midfielder,https://www.wikidata.org/entity/Q193592,Ipswich Town F.C.,https://www.wikidata.org/entity/Q9653,Sweden,https://www.wikidata.org/entity/Q34,right-footedness,https://www.wikidata.org/entity/Q1843233,1999-10-08,0.74,0.69,1,1
Riccardo Calafiori,defender,https://www.wikidata.org/entity/Q336286,Arsenal F.C.,https://www.wikidata.org/entity/Q9617,Italy,https://www.wikidata.org/entity/Q38,left-footedness,https://www.wikidata.org/entity/Q2183543,2002-05-19,0.71,0.86,1,2
Duje Caleta-Car,defender,https://www.wikidata.org/entity/Q336286,Southampton F.C.,https://www.wikidata.org/entity/Q18732,Croatia,https://www.wikidata.org/entity/Q224,right-footedness,https://www.wikidata.org/entity/Q1843233,1996-09-17,0,0,0,0
Dominic Calvert-Lewin,forward,https://www.wikidata.org/entity/Q280658,Everton F.C.,https://www.wikidata.org/entity/Q5794,England,https://www.wikidata.org/entity/Q21,right-footedness,https://www.wikidata.org/entity/Q1843233,1997-03-16,0.67,6.75,1,3
Chem Campbell,midfielder,https://www.wikidata.org/entity/Q193592,Wolverhampton Wanderers F.C.,https://www.wikidata.org/entity/Q19500,Wales,https://www.wikidata.org/entity/Q25,right-footedness,https://www.wikidata.org/entity/Q1843233,2002-12-30,0,0,0,0
Elijah Campbell,defender,https://www.wikidata.org/entity/Q336286,Everton F.C.,https://www.wikidata.org/entity/Q5794,England,https://www.wikidata.org/entity/Q21,left-footedness,https://www.wikidata.org/entity/Q2183543,2004-02-08,0,0,0,0
Thomas Cannon,forward,https://www.wikidata.org/entity/Q280658,Leicester City F.C.,https://www.wikidata.org/entity/Q19481,Ireland,https://www.wikidata.org/entity/Q27,right-footedness,https://www.wikidata.org/entity/Q1843233,2002-12-28,0,0,0,0
Pedro Lima,defender,https://www.wikidata.org/entity/Q336286,Wolverhampton Wanderers F.C.,https://www.wikidata.org/entity/Q19500,Brazil,https://www.wikidata.org/entity/Q155,right-footedness,https://www.wikidata.org/entity/Q1843233,2006-01-07,0.09,0.06,0,0
Scott Carson,goalkeeper,https://www.wikidata.org/entity/Q201330,Manchester City F.C.,https://www.wikidata.org/entity/Q50602,England,https://www.wikidata.org/entity/Q21,right-footedness,https://www.wikidata.org/entity/Q1843233,1985-03-09,0,0,0,0
Henry Cartwright,midfielder,https://www.wikidata.org/entity/Q193592,Leicester City F.C.,https://www.wikidata.org/entity/Q19481,England,https://www.wikidata.org/entity/Q21,right-footedness,https://www.wikidata.org/entity/Q1843233,2004-11-12,0,0,0,0
Cesare Casadei,midfielder,https://www.wikidata.org/entity/Q193592,Chelsea F.C.,https://www.wikidata.org/entity/Q9616,Italy,https://www.wikidata.org/entity/Q38,right-footedness,https://www.wikidata.org/entity/Q1843233,2003-10-01,0,0,0,0
Kaelan Casey,defender,https://www.wikidata.org/entity/Q336286,West Ham United F.C.,https://www.wikidata.org/entity/Q18747,England,https://www.wikidata.org/entity/Q21,right-footedness,https://www.wikidata.org/entity/Q1843233,2004-10-28,0,0,0,0
Matty Cash,defender,https://www.wikidata.org/entity/Q336286,Aston Villa F.C.,https://www.wikidata.org/entity/Q18711,Poland,https://www.wikidata.org/entity/Q36,right-footedness,https://www.wikidata.org/entity/Q1843233,1997-07-08,1.25,0.49,1,1
Eiran Cashin,defender,https://www.wikidata.org/entity/Q336286,Brighton & Hove Albion F.C.,https://www.wikidata.org/entity/Q19453,Ireland,https://www.wikidata.org/entity/Q27,left-footedness,https://www.wikidata.org/entity/Q2183543,2001-09-11,0,0,0,0
Casemiro,midfielder,https://www.wikidata.org/entity/Q193592,Manchester United F.C.,https://www.wikidata.org/entity/Q18656,Brazil,https://www.wikidata.org/entity/Q155,right-footedness,https://www.wikidata.org/entity/Q1843233,1992-02-23,2,1.83,0,1
Dante Cassanova,defender,https://www.wikidata.org/entity/Q336286,Tottenham Hotspur F.C.,https://www.wikidata.org/entity/Q18741,Jamaica,https://www.wikidata.org/entity/Q766,right-footedness,https://www.wikidata.org/entity/Q1843233,2004-06-21,0,0,0,0
Timothy Castagne,defender,https://www.wikidata.org/entity/Q336286,Fulham F.C.,https://www.wikidata.org/entity/Q18708,Belgium,https://www.wikidata.org/entity/Q31,right-footedness,https://www.wikidata.org/entity/Q1843233,1995-05-12,0.55,0.38,1,0
Daniel Podence,midfielder,https://www.wikidata.org/entity/Q193592,Wolverhampton Wanderers F.C.,https://www.wikidata.org/entity/Q19500,Portugal,https://www.wikidata.org/entity/Q45,right-footedness,https://www.wikidata.org/entity/Q1843233,1995-10-21,0.01,0.04,0,0
Leo Castledine,midfielder,https://www.wikidata.org/entity/Q193592,Chelsea F.C.,https://www.wikidata.org/entity/Q9616,England,https://www.wikidata.org/entity/Q21,n/a,,2005-08-20,0,0,0,0
João Cancelo,defender,https://www.wikidata.org/entity/Q336286,Manchester City F.C.,https://www.wikidata.org/entity/Q50602,Portugal,https://www.wikidata.org/entity/Q45,right-footedness,https://www.wikidata.org/entity/Q1843233,1994-05-27,0,0,0,0
Trevoh Chalobah,defender,https://www.wikidata.org/entity/Q336286,Chelsea F.C.,https://www.wikidata.org/entity/Q9616,England,https://www.wikidata.org/entity/Q21,right-footedness,https://www.wikidata.org/entity/Q1843233,1999-05-07,0.29,0.79,1,3
Calum Chambers,defender,https://www.wikidata.org/entity/Q336286,Aston Villa F.C.,https://www.wikidata.org/entity/Q18711,England,https://www.wikidata.org/entity/Q21,right-footedness,https://www.wikidata.org/entity/Q1843233,1995-01-20,0,0,0,0
Luke Chambers,defender,https://www.wikidata.org/entity/Q336286,Liverpool F.C.,https://www.wikidata.org/entity/Q1130849,England,https://www.wikidata.org/entity/Q21,left-footedness,https://www.wikidata.org/entity/Q2183543,2004-06-24,0,0,0,0
Conor Chaplin,forward,https://www.wikidata.org/entity/Q280658,Ipswich Town F.C.,https://www.wikidata.org/entity/Q9653,England,https://www.wikidata.org/entity/Q21,left-footedness,https://www.wikidata.org/entity/Q2183543,1997-02-16,0.62,1.52,1,1
Shea Charles,midfielder,https://www.wikidata.org/entity/Q193592,Southampton F.C.,https://www.wikidata.org/entity/Q18732,Northern Ireland,https://www.wikidata.org/entity/Q26,right-footedness,https://www.wikidata.org/entity/Q1843233,2003-05-11,0,0,0,0
Dylan Charlton,defender,https://www.wikidata.org/entity/Q336286,Newcastle United F.C.,https://www.wikidata.org/entity/Q18716,England,https://www.wikidata.org/entity/Q21,left-footedness,https://www.wikidata.org/entity/Q2183543,2006-02-07,0,0,0,0
Federico Chiesa,forward,https://www.wikidata.org/entity/Q280658,Liverpool F.C.,https://www.wikidata.org/entity/Q1130849,Italy,https://www.wikidata.org/entity/Q38,right-footedness,https://www.wikidata.org/entity/Q1843233,1997-10-25,0.16,0.34,0,0
Ben Chilwell,defender,https://www.wikidata.org/entity/Q336286,Crystal Palace F.C.,https://www.wikidata.org/entity/Q19467,England,https://www.wikidata.org/entity/Q21,left-footedness,https://www.wikidata.org/entity/Q2183543,1996-12-21,0,0,0,1
Tawanda Chirewa,midfielder,https://www.wikidata.org/entity/Q193592,Wolverhampton Wanderers F.C.,https://www.wikidata.org/entity/Q19500,Zimbabwe,https://www.wikidata.org/entity/Q954,right-footedness,https://www.wikidata.org/entity/Q1843233,2003-12-10,0,0,0,0
Leon Chiwome,forward,https://www.wikidata.org/entity/Q280658,Wolverhampton Wanderers F.C.,https://www.wikidata.org/entity/Q19500,England,https://www.wikidata.org/entity/Q21,n/a,,2006-10-01,0,0,0,0
Samy Chouchane,midfielder,https://www.wikidata.org/entity/Q193592,Brighton & Hove Albion F.C.,https://www.wikidata.org/entity/Q19453,Tunisia,https://www.wikidata.org/entity/Q948,right-footedness,https://www.wikidata.org/entity/Q1843233,2003-05-09,0,0,0,0
Hamza Choudhury,midfielder,https://www.wikidata.org/entity/Q193592,Leicester City F.C.,https://www.wikidata.org/entity/Q19481,Bangladesh,https://www.wikidata.org/entity/Q902,right-footedness,https://www.wikidata.org/entity/Q1843233,1997-01-10,0.2,0,0,0
Ryan Christie,midfielder,https://www.wikidata.org/entity/Q193592,AFC Bournemouth,https://www.wikidata.org/entity/Q19568,Scotland,https://www.wikidata.org/entity/Q22,left-footedness,https://www.wikidata.org/entity/Q2183543,1995-02-22,2.99,2.12,3,2
Carney Chukwuemeka,midfielder,https://www.wikidata.org/entity/Q193592,Chelsea F.C.,https://www.wikidata.org/entity/Q9616,England,https://www.wikidata.org/entity/Q21,right-footedness,https://www.wikidata.org/entity/Q1843233,2003-10-20,0,0,0,0
Bobby Clark,midfielder,https://www.wikidata.org/entity/Q193592,Liverpool F.C.,https://www.wikidata.org/entity/Q1130849,England,https://www.wikidata.org/entity/Q21,right-footedness,https://www.wikidata.org/entity/Q1843233,2005-07-02,0,0,0,0
Harry Clarke,defender,https://www.wikidata.org/entity/Q336286,Ipswich Town F.C.,https://www.wikidata.org/entity/Q9653,England,https://www.wikidata.org/entity/Q21,right-footedness,https://www.wikidata.org/entity/Q1843233,2001-02-03,0.09,0.08,0,0
Jack Clarke,forward,https://www.wikidata.org/entity/Q280658,Ipswich Town F.C.,https://www.wikidata.org/entity/Q9653,England,https://www.wikidata.org/entity/Q21,right-footedness,https://www.wikidata.org/entity/Q1843233,2000-11-23,1.21,1.17,4,0
Brayden Clarke,defender,https://www.wikidata.org/entity/Q336286,Arsenal F.C.,https://www.wikidata.org/entity/Q9617,Wales,https://www.wikidata.org/entity/Q25,n/a,,2007-03-07,0,0,0,0
Nathaniel Clyne,defender,https://www.wikidata.org/entity/Q336286,Crystal Palace F.C.,https://www.wikidata.org/entity/Q19467,England,https://www.wikidata.org/entity/Q21,right-footedness,https://www.wikidata.org/entity/Q1843233,1991-05-04,0.25,0.02,0,0
Conor Coady,defender,https://www.wikidata.org/entity/Q336286,Leicester City F.C.,https://www.wikidata.org/entity/Q19481,England,https://www.wikidata.org/entity/Q21,right-footedness,https://www.wikidata.org/entity/Q1843233,1993-02-25,0.52,0.43,0,1
Séamus Coleman,defender,https://www.wikidata.org/entity/Q336286,Everton F.C.,https://www.wikidata.org/entity/Q5794,Ireland,https://www.wikidata.org/entity/Q27,right-footedness,https://www.wikidata.org/entity/Q1843233,1988-11-10,0.03,0.57,0,0
Nathan Collins,defender,https://www.wikidata.org/entity/Q336286,Brentford F.C.,https://www.wikidata.org/entity/Q19571,Ireland,https://www.wikidata.org/entity/Q27,right-footedness,https://www.wikidata.org/entity/Q1843233,2001-04-30,1.58,2.5,3,2
Toby Collyer,midfielder,https://www.wikidata.org/entity/Q193592,Manchester United F.C.,https://www.wikidata.org/entity/Q18656,England,https://www.wikidata.org/entity/Q21,right-footedness,https://www.wikidata.org/entity/Q1843233,2004-03-01,0.39,0.17,0,0
Levi Colwill,defender,https://www.wikidata.org/entity/Q336286,Chelsea F.C.,https://www.wikidata.org/entity/Q9616,England,https://www.wikidata.org/entity/Q21,left-footedness,https://www.wikidata.org/entity/Q2183543,2003-02-26,1.21,1.89,1,2
Lewis Cook,midfielder,https://www.wikidata.org/entity/Q193592,AFC Bournemouth,https://www.wikidata.org/entity/Q19568,England,https://www.wikidata.org/entity/Q21,right-footedness,https://www.wikidata.org/entity/Q1843233,1997-03-02,3.75,0.94,3,1
Maxwel Cornet,forward,https://www.wikidata.org/entity/Q280658,Southampton F.C.,https://www.wikidata.org/entity/Q18732,Ivory Coast,https://www.wikidata.org/entity/Q1008,right-footedness,https://www.wikidata.org/entity/Q1843233,1996-09-27,0,0,0,0
Murillo,defender,https://www.wikidata.org/entity/Q336286,Nottingham Forest F.C.,https://www.wikidata.org/entity/Q19490,Brazil,https://www.wikidata.org/entity/Q155,left-footedness,https://www.wikidata.org/entity/Q2183543,2002-04-07,1.14,1.42,0,2
Vladimír Coufal,defender,https://www.wikidata.org/entity/Q336286,West Ham United F.C.,https://www.wikidata.org/entity/Q18747,Czech Republic,https://www.wikidata.org/entity/Q213,right-footedness,https://www.wikidata.org/entity/Q1843233,1992-08-22,1,0.3,0,0
Woyo Coulibaly,defender,https://www.wikidata.org/entity/Q336286,Leicester City F.C.,https://www.wikidata.org/entity/Q19481,France,https://www.wikidata.org/entity/Q142,left-footedness,https://www.wikidata.org/entity/Q2183543,1999-05-26,0.04,0.04,0,0
Philippe Coutinho,midfielder,https://www.wikidata.org/entity/Q193592,Aston Villa F.C.,https://www.wikidata.org/entity/Q18711,Brazil,https://www.wikidata.org/entity/Q155,right-footedness,https://www.wikidata.org/entity/Q1843233,1992-12-06,0,0,0,0
Brandon Cover,midfielder,https://www.wikidata.org/entity/Q193592,Leicester City F.C.,https://www.wikidata.org/entity/Q19481,Jamaica,https://www.wikidata.org/entity/Q766,right-footedness,https://www.wikidata.org/entity/Q1843233,2003-09-25,0,0,0,0
Matthew Cox,goalkeeper,https://www.wikidata.org/entity/Q201330,Brentford F.C.,https://www.wikidata.org/entity/Q19571,England,https://www.wikidata.org/entity/Q21,right-footedness,https://www.wikidata.org/entity/Q1843233,2003-02-05,0,0,0,0
Amario Cozier-Duberry,midfielder,https://www.wikidata.org/entity/Q193592,Brighton & Hove Albion F.C.,https://www.wikidata.org/entity/Q19453,England,https://www.wikidata.org/entity/Q21,left-footedness,https://www.wikidata.org/entity/Q2183543,2005-05-29,0,0,0,0
Tristan Crama,defender,https://www.wikidata.org/entity/Q336286,Brentford F.C.,https://www.wikidata.org/entity/Q19571,France,https://www.wikidata.org/entity/Q142,right-footedness,https://www.wikidata.org/entity/Q1843233,2001-08-11,0,0,0,0
Billy Crellin,goalkeeper,https://www.wikidata.org/entity/Q201330,Everton F.C.,https://www.wikidata.org/entity/Q5794,England,https://www.wikidata.org/entity/Q21,right-footedness,https://www.wikidata.org/entity/Q1843233,2000-06-30,0,0,0,0
Aaron Cresswell,defender,https://www.wikidata.org/entity/Q336286,West Ham United F.C.,https://www.wikidata.org/entity/Q18747,England,https://www.wikidata.org/entity/Q21,left-footedness,https://www.wikidata.org/entity/Q2183543,1989-12-15,1.9,0.23,0,0
Marc Cucurella,defender,https://www.wikidata.org/entity/Q336286,Chelsea F.C.,https://www.wikidata.org/entity/Q9616,Spain,https://www.wikidata.org/entity/Q29,left-footedness,https://www.wikidata.org/entity/Q2183543,1998-07-22,2.39,2.8,1,5
Jorge Cuenca,defender,https://www.wikidata.org/entity/Q336286,Fulham F.C.,https://www.wikidata.org/entity/Q18708,Spain,https://www.wikidata.org/entity/Q29,left-footedness,https://www.wikidata.org/entity/Q2183543,1999-11-17,0.01,0.02,0,0
Luke Cundle,midfielder,https://www.wikidata.org/entity/Q193592,Wolverhampton Wanderers F.C.,https://www.wikidata.org/entity/Q19500,England,https://www.wikidata.org/entity/Q21,right-footedness,https://www.wikidata.org/entity/Q1843233,2002-04-26,0,0,0,0
Ted Curd,goalkeeper,https://www.wikidata.org/entity/Q201330,Chelsea F.C.,https://www.wikidata.org/entity/Q9616,England,https://www.wikidata.org/entity/Q21,right-footedness,https://www.wikidata.org/entity/Q1843233,2006-02-14,0,0,0,0
Michael Dacosta,forward,https://www.wikidata.org/entity/Q280658,AFC Bournemouth,https://www.wikidata.org/entity/Q19568,Spain,https://www.wikidata.org/entity/Q29,n/a,,2005-05-03,0,0,0,0
Mahmoud Dahoud,midfielder,https://www.wikidata.org/entity/Q193592,Brighton & Hove Albion F.C.,https://www.wikidata.org/entity/Q19453,Syria,https://www.wikidata.org/entity/Q858,right-footedness,https://www.wikidata.org/entity/Q1843233,1996-01-01,0,0,0,0
Patson Daka,forward,https://www.wikidata.org/entity/Q280658,Leicester City F.C.,https://www.wikidata.org/entity/Q19481,Zambia,https://www.wikidata.org/entity/Q953,right-footedness,https://www.wikidata.org/entity/Q1843233,1998-09-10,0.08,1.25,0,1
Diogo Dalot,defender,https://www.wikidata.org/entity/Q336286,Manchester United F.C.,https://www.wikidata.org/entity/Q18656,Portugal,https://www.wikidata.org/entity/Q45,right-footedness,https://www.wikidata.org/entity/Q1843233,1999-03-18,2.46,2.03,3,0
Mikkel Damsgaard,midfielder,https://www.wikidata.org/entity/Q193592,Brentford F.C.,https://www.wikidata.org/entity/Q19571,Denmark,https://www.wikidata.org/entity/Q35,right-footedness,https://www.wikidata.org/entity/Q1843233,2000-03-07,6.99,2.83,10,2
Arnaut Danjuma,forward,https://www.wikidata.org/entity/Q280658,Everton F.C.,https://www.wikidata.org/entity/Q5794,Netherlands,https://www.wikidata.org/entity/Q55,two-footedness,https://www.wikidata.org/entity/Q136817382,1997-01-31,0,0,0,0
Jayden Danns,forward,https://www.wikidata.org/entity/Q280658,Liverpool F.C.,https://www.wikidata.org/entity/Q1130849,England,https://www.wikidata.org/entity/Q21,right-footedness,https://www.wikidata.org/entity/Q1843233,2006-01-16,0.01,0,0,0
Kevin Danso,defender,https://www.wikidata.org/entity/Q336286,Tottenham Hotspur F.C.,https://www.wikidata.org/entity/Q18741,Austria,https://www.wikidata.org/entity/Q40,right-footedness,https://www.wikidata.org/entity/Q1843233,1998-09-19,0.13,0.41,0,0
Josh Dasilva,midfielder,https://www.wikidata.org/entity/Q193592,Brentford F.C.,https://www.wikidata.org/entity/Q19571,England,https://www.wikidata.org/entity/Q21,left-footedness,https://www.wikidata.org/entity/Q2183543,1998-10-23,0,0,0,0
Ben Davies,defender,https://www.wikidata.org/entity/Q336286,Tottenham Hotspur F.C.,https://www.wikidata.org/entity/Q18741,Wales,https://www.wikidata.org/entity/Q25,left-footedness,https://www.wikidata.org/entity/Q2183543,1993-04-24,0.5,0.28,0,0
Harvey Davies,goalkeeper,https://www.wikidata.org/entity/Q201330,Liverpool F.C.,https://www.wikidata.org/entity/Q1130849,England,https://www.wikidata.org/entity/Q21,left-footedness,https://www.wikidata.org/entity/Q2183543,2003-03-09,0,0,0,0
Leif Davis,defender,https://www.wikidata.org/entity/Q336286,Ipswich Town F.C.,https://www.wikidata.org/entity/Q9653,England,https://www.wikidata.org/entity/Q21,left-footedness,https://www.wikidata.org/entity/Q2183543,1999-12-31,4.75,0.96,2,1
Craig Dawson,defender,https://www.wikidata.org/entity/Q336286,Wolverhampton Wanderers F.C.,https://www.wikidata.org/entity/Q19500,England,https://www.wikidata.org/entity/Q21,right-footedness,https://www.wikidata.org/entity/Q1843233,1990-06-05,0.09,0.49,0,0
Lucas De Bolle,midfielder,https://www.wikidata.org/entity/Q193592,Newcastle United F.C.,https://www.wikidata.org/entity/Q18716,Scotland,https://www.wikidata.org/entity/Q22,right-footedness,https://www.wikidata.org/entity/Q1843233,2002-10-22,0,0,0,0
Kevin De Bruyne,midfielder,https://www.wikidata.org/entity/Q193592,Manchester City F.C.,https://www.wikidata.org/entity/Q50602,Belgium,https://www.wikidata.org/entity/Q31,right-footedness,https://www.wikidata.org/entity/Q1843233,1991-06-28,6.74,5.07,7,4
Bobby De Cordova-Reid,forward,https://www.wikidata.org/entity/Q280658,Leicester City F.C.,https://www.wikidata.org/entity/Q19481,Jamaica,https://www.wikidata.org/entity/Q766,right-footedness,https://www.wikidata.org/entity/Q1843233,1993-02-02,0.16,0.79,2,1
Luc De Fougerolles,defender,https://www.wikidata.org/entity/Q336286,Fulham F.C.,https://www.wikidata.org/entity/Q18708,Canada,https://www.wikidata.org/entity/Q16,right-footedness,https://www.wikidata.org/entity/Q1843233,2005-12-10,0,0,0,0
Liam Delap,forward,https://www.wikidata.org/entity/Q280658,Ipswich Town F.C.,https://www.wikidata.org/entity/Q9653,England,https://www.wikidata.org/entity/Q21,right-footedness,https://www.wikidata.org/entity/Q1843233,2003-08-02,0,0,2,12
Leander Dendoncker,midfielder,https://www.wikidata.org/entity/Q193592,Aston Villa F.C.,https://www.wikidata.org/entity/Q18711,Belgium,https://www.wikidata.org/entity/Q31,right-footedness,https://www.wikidata.org/entity/Q1843233,1995-04-15,0,0,0,0
Emmanuel Dennis,forward,https://www.wikidata.org/entity/Q280658,Nottingham Forest F.C.,https://www.wikidata.org/entity/Q19490,Nigeria,https://www.wikidata.org/entity/Q1033,right-footedness,https://www.wikidata.org/entity/Q1843233,1997-11-15,0,0,0,0
Will Dennis,goalkeeper,https://www.wikidata.org/entity/Q201330,AFC Bournemouth,https://www.wikidata.org/entity/Q19568,England,https://www.wikidata.org/entity/Q21,right-footedness,https://www.wikidata.org/entity/Q1843233,2000-10-07,0,0,0,0
Justin Devenny,midfielder,https://www.wikidata.org/entity/Q193592,Crystal Palace F.C.,https://www.wikidata.org/entity/Q19467,Northern Ireland,https://www.wikidata.org/entity/Q26,left-footedness,https://www.wikidata.org/entity/Q2183543,2003-11-10,0.41,0.76,1,1
Alfie Devine,midfielder,https://www.wikidata.org/entity/Q193592,Tottenham Hotspur F.C.,https://www.wikidata.org/entity/Q18741,England,https://www.wikidata.org/entity/Q21,right-footedness,https://www.wikidata.org/entity/Q1843233,2004-01-08,0,0,0,0
Kiernan Dewsbury-Hall,midfielder,https://www.wikidata.org/entity/Q193592,Chelsea F.C.,https://www.wikidata.org/entity/Q9616,England,https://www.wikidata.org/entity/Q21,left-footedness,https://www.wikidata.org/entity/Q2183543,1998-06-09,0.22,0.22,1,0
Moussa Diaby,forward,https://www.wikidata.org/entity/Q280658,Aston Villa F.C.,https://www.wikidata.org/entity/Q18711,France,https://www.wikidata.org/entity/Q142,left-footedness,https://www.wikidata.org/entity/Q2183543,1999-07-07,0,0,0,0
Amadou Diallo,forward,https://www.wikidata.org/entity/Q280658,Newcastle United F.C.,https://www.wikidata.org/entity/Q18716,England,https://www.wikidata.org/entity/Q21,n/a,,2003-02-15,0,0,0,0
Amad Diallo,forward,https://www.wikidata.org/entity/Q280658,Manchester United F.C.,https://www.wikidata.org/entity/Q18656,Ivory Coast,https://www.wikidata.org/entity/Q1008,left-footedness,https://www.wikidata.org/entity/Q2183543,2002-11-07,4.18,4.68,6,8
Matthew Dibley-Dias,midfielder,https://www.wikidata.org/entity/Q193592,Fulham F.C.,https://www.wikidata.org/entity/Q18708,New Zealand,https://www.wikidata.org/entity/Q664,right-footedness,https://www.wikidata.org/entity/Q1843233,2003-10-29,0,0,0,0
Tyler Dibling,midfielder,https://www.wikidata.org/entity/Q193592,Southampton F.C.,https://www.wikidata.org/entity/Q18732,England,https://www.wikidata.org/entity/Q21,left-footedness,https://www.wikidata.org/entity/Q2183543,2006-02-17,1.46,2.56,0,2
Eric Dier,defender,https://www.wikidata.org/entity/Q336286,Tottenham Hotspur F.C.,https://www.wikidata.org/entity/Q18741,England,https://www.wikidata.org/entity/Q21,right-footedness,https://www.wikidata.org/entity/Q1843233,1994-01-15,0,0,0,0
Lucas Digne,defender,https://www.wikidata.org/entity/Q336286,Aston Villa F.C.,https://www.wikidata.org/entity/Q18711,France,https://www.wikidata.org/entity/Q142,left-footedness,https://www.wikidata.org/entity/Q2183543,1993-07-20,4.01,0.8,4,0
Issa Diop,defender,https://www.wikidata.org/entity/Q336286,Fulham F.C.,https://www.wikidata.org/entity/Q18708,France,https://www.wikidata.org/entity/Q142,right-footedness,https://www.wikidata.org/entity/Q1843233,1997-09-01,0.1,0.53,0,0
Axel Disasi,defender,https://www.wikidata.org/entity/Q336286,Aston Villa F.C.,https://www.wikidata.org/entity/Q18711,France,https://www.wikidata.org/entity/Q142,right-footedness,https://www.wikidata.org/entity/Q1843233,1998-11-03,0.09,0.28,0,1
Roman Dixon,defender,https://www.wikidata.org/entity/Q336286,Everton F.C.,https://www.wikidata.org/entity/Q5794,England,https://www.wikidata.org/entity/Q21,right-footedness,https://www.wikidata.org/entity/Q1843233,2004-12-26,0,0,0,0
Nasser Djiga,defender,https://www.wikidata.org/entity/Q336286,Wolverhampton Wanderers F.C.,https://www.wikidata.org/entity/Q19500,Burkina Faso,https://www.wikidata.org/entity/Q965,right-footedness,https://www.wikidata.org/entity/Q1843233,2002-11-15,0.01,0,0,0
Ben Doak,forward,https://www.wikidata.org/entity/Q280658,Liverpool F.C.,https://www.wikidata.org/entity/Q1130849,Scotland,https://www.wikidata.org/entity/Q22,right-footedness,https://www.wikidata.org/entity/Q1843233,2005-11-11,0,0,0,0
Lewis Dobbin,forward,https://www.wikidata.org/entity/Q280658,Aston Villa F.C.,https://www.wikidata.org/entity/Q18711,England,https://www.wikidata.org/entity/Q21,left-footedness,https://www.wikidata.org/entity/Q2183543,2003-03-01,0,0,0,0
Matt Doherty,defender,https://www.wikidata.org/entity/Q336286,Wolverhampton Wanderers F.C.,https://www.wikidata.org/entity/Q19500,Ireland,https://www.wikidata.org/entity/Q27,right-footedness,https://www.wikidata.org/entity/Q1843233,1992-01-16,1.22,1.04,1,2
Jérémy Doku,forward,https://www.wikidata.org/entity/Q280658,Manchester City F.C.,https://www.wikidata.org/entity/Q50602,Belgium,https://www.wikidata.org/entity/Q31,right-footedness,https://www.wikidata.org/entity/Q1843233,2002-05-27,3.8,1.32,6,3
Nicolás Domínguez,midfielder,https://www.wikidata.org/entity/Q193592,Nottingham Forest F.C.,https://www.wikidata.org/entity/Q19490,Argentina,https://www.wikidata.org/entity/Q414,right-footedness,https://www.wikidata.org/entity/Q1843233,1998-06-28,1.59,1.53,1,0
Janoi Donacien,defender,https://www.wikidata.org/entity/Q336286,Ipswich Town F.C.,https://www.wikidata.org/entity/Q9653,Saint Lucia,https://www.wikidata.org/entity/Q760,right-footedness,https://www.wikidata.org/entity/Q1843233,1993-03-11,0,0,0,0
Jamie Donley,forward,https://www.wikidata.org/entity/Q280658,Tottenham Hotspur F.C.,https://www.wikidata.org/entity/Q18741,Northern Ireland,https://www.wikidata.org/entity/Q26,left-footedness,https://www.wikidata.org/entity/Q2183543,2005-03-01,0,0,0,0
Patrick Dorgu,defender,https://www.wikidata.org/entity/Q336286,Manchester United F.C.,https://www.wikidata.org/entity/Q18656,Denmark,https://www.wikidata.org/entity/Q35,left-footedness,https://www.wikidata.org/entity/Q2183543,2004-10-26,1.27,0.43,0,0
Alfie Dorrington,defender,https://www.wikidata.org/entity/Q336286,Tottenham Hotspur F.C.,https://www.wikidata.org/entity/Q18741,England,https://www.wikidata.org/entity/Q21,right-footedness,https://www.wikidata.org/entity/Q1843233,2005-04-20,0,0,0,0
Abdoulaye Doucouré,midfielder,https://www.wikidata.org/entity/Q193592,Everton F.C.,https://www.wikidata.org/entity/Q5794,Mali,https://www.wikidata.org/entity/Q912,right-footedness,https://www.wikidata.org/entity/Q1843233,1993-01-01,0,0,0,0
Cheick Doucouré,midfielder,https://www.wikidata.org/entity/Q193592,Crystal Palace F.C.,https://www.wikidata.org/entity/Q19467,Mali,https://www.wikidata.org/entity/Q912,right-footedness,https://www.wikidata.org/entity/Q1843233,2000-08-01,0.11,0.4,0,0
Flynn Downes,midfielder,https://www.wikidata.org/entity/Q193592,Southampton F.C.,https://www.wikidata.org/entity/Q18732,England,https://www.wikidata.org/entity/Q21,right-footedness,https://www.wikidata.org/entity/Q1843233,1999-01-20,1.44,0.63,0,1
Tommy Doyle,midfielder,https://www.wikidata.org/entity/Q193592,Wolverhampton Wanderers F.C.,https://www.wikidata.org/entity/Q19500,England,https://www.wikidata.org/entity/Q21,right-footedness,https://www.wikidata.org/entity/Q1843233,2001-10-17,0.33,0.55,1,0
Callum Doyle,defender,https://www.wikidata.org/entity/Q336286,Manchester City F.C.,https://www.wikidata.org/entity/Q50602,England,https://www.wikidata.org/entity/Q21,left-footedness,https://www.wikidata.org/entity/Q2183543,2003-03-10,0,0,0,0
Radu Dragusin,defender,https://www.wikidata.org/entity/Q336286,Tottenham Hotspur F.C.,https://www.wikidata.org/entity/Q18741,Romania,https://www.wikidata.org/entity/Q218,right-footedness,https://www.wikidata.org/entity/Q1843233,2002-03-02,0.16,0.12,0,0
Rodrigo Ribeiro,forward,https://www.wikidata.org/entity/Q280658,Nottingham Forest F.C.,https://www.wikidata.org/entity/Q19490,Portugal,https://www.wikidata.org/entity/Q45,right-footedness,https://www.wikidata.org/entity/Q1843233,2005-04-28,0,0,0,0
Joshua Duffus,forward,https://www.wikidata.org/entity/Q280658,Brighton & Hove Albion F.C.,https://www.wikidata.org/entity/Q19453,England,https://www.wikidata.org/entity/Q21,n/a,,2004-12-15,0,0,0,0
Paul Dummett,defender,https://www.wikidata.org/entity/Q336286,Newcastle United F.C.,https://www.wikidata.org/entity/Q18716,Wales,https://www.wikidata.org/entity/Q25,n/a,,1991-09-26,0,0,0,0
Lewis Dunk,defender,https://www.wikidata.org/entity/Q336286,Brighton & Hove Albion F.C.,https://www.wikidata.org/entity/Q19453,England,https://www.wikidata.org/entity/Q21,right-footedness,https://www.wikidata.org/entity/Q1843233,1991-11-21,1.04,0.81,0,0
Jhon Durán,forward,https://www.wikidata.org/entity/Q280658,Aston Villa F.C.,https://www.wikidata.org/entity/Q18711,Colombia,https://www.wikidata.org/entity/Q739,left-footedness,https://www.wikidata.org/entity/Q2183543,2003-12-13,0.25,4.86,0,7
Kiano Dyer,midfielder,https://www.wikidata.org/entity/Q193592,Chelsea F.C.,https://www.wikidata.org/entity/Q9616,England,https://www.wikidata.org/entity/Q21,right-footedness,https://www.wikidata.org/entity/Q1843233,2006-11-21,0,0,0,0
Luis Díaz,forward,https://www.wikidata.org/entity/Q280658,Liverpool F.C.,https://www.wikidata.org/entity/Q1130849,Colombia,https://www.wikidata.org/entity/Q739,right-footedness,https://www.wikidata.org/entity/Q1843233,1997-01-13,4.46,12.02,5,13
Martin Dúbravka,goalkeeper,https://www.wikidata.org/entity/Q201330,Newcastle United F.C.,https://www.wikidata.org/entity/Q18716,Slovakia,https://www.wikidata.org/entity/Q214,right-footedness,https://www.wikidata.org/entity/Q1843233,1989-01-15,0,0,0,0
George Earthy,midfielder,https://www.wikidata.org/entity/Q193592,West Ham United F.C.,https://www.wikidata.org/entity/Q18747,England,https://www.wikidata.org/entity/Q21,right-footedness,https://www.wikidata.org/entity/Q1843233,2004-05-09,0,0,0,0
Coby Ebere,forward,https://www.wikidata.org/entity/Q280658,Everton F.C.,https://www.wikidata.org/entity/Q5794,Germany,https://www.wikidata.org/entity/Q183,right-footedness,https://www.wikidata.org/entity/Q1843233,2005-09-17,0,0,0,0
Malcolm Ebiowei,forward,https://www.wikidata.org/entity/Q280658,Crystal Palace F.C.,https://www.wikidata.org/entity/Q19467,England,https://www.wikidata.org/entity/Q21,left-footedness,https://www.wikidata.org/entity/Q2183543,2003-04-09,0,0,0,0
Claudio Echeverri,midfielder,https://www.wikidata.org/entity/Q193592,Manchester City F.C.,https://www.wikidata.org/entity/Q50602,Argentina,https://www.wikidata.org/entity/Q414,right-footedness,https://www.wikidata.org/entity/Q1843233,2006-02-01,0.01,0,0,0
George Edmundson,defender,https://www.wikidata.org/entity/Q336286,Ipswich Town F.C.,https://www.wikidata.org/entity/Q9653,England,https://www.wikidata.org/entity/Q21,right-footedness,https://www.wikidata.org/entity/Q1843233,1997-08-15,0,0,0,0
Samuel Edozie,midfielder,https://www.wikidata.org/entity/Q193592,Southampton F.C.,https://www.wikidata.org/entity/Q18732,England,https://www.wikidata.org/entity/Q21,right-footedness,https://www.wikidata.org/entity/Q1843233,2003-01-28,0.16,0,0,0
Tom Edozie,forward,https://www.wikidata.org/entity/Q280658,Wolverhampton Wanderers F.C.,https://www.wikidata.org/entity/Q19500,England,https://www.wikidata.org/entity/Q21,right-footedness,https://www.wikidata.org/entity/Q1843233,2006-05-18,0,0,0,0
Ronnie Edwards,defender,https://www.wikidata.org/entity/Q336286,Southampton F.C.,https://www.wikidata.org/entity/Q18732,England,https://www.wikidata.org/entity/Q21,right-footedness,https://www.wikidata.org/entity/Q1843233,2003-03-28,0,0,0,0
Bilal El Khannouss,midfielder,https://www.wikidata.org/entity/Q193592,Leicester City F.C.,https://www.wikidata.org/entity/Q19481,Morocco,https://www.wikidata.org/entity/Q1028,right-footedness,https://www.wikidata.org/entity/Q1843233,2004-10-05,3.11,1.31,3,2
Idris El Mizouni,midfielder,https://www.wikidata.org/entity/Q193592,Ipswich Town F.C.,https://www.wikidata.org/entity/Q9653,Tunisia,https://www.wikidata.org/entity/Q948,right-footedness,https://www.wikidata.org/entity/Q1843233,2000-09-26,0,0,0,0
Anthony Elanga,forward,https://www.wikidata.org/entity/Q280658,Nottingham Forest F.C.,https://www.wikidata.org/entity/Q19490,Sweden,https://www.wikidata.org/entity/Q34,right-footedness,https://www.wikidata.org/entity/Q1843233,2002-04-27,5.11,4.47,11,6
Harvey Elliott,midfielder,https://www.wikidata.org/entity/Q193592,Liverpool F.C.,https://www.wikidata.org/entity/Q1130849,England,https://www.wikidata.org/entity/Q21,left-footedness,https://www.wikidata.org/entity/Q2183543,2003-04-04,0.65,1.76,2,1
Mohamed Elneny,midfielder,https://www.wikidata.org/entity/Q193592,Arsenal F.C.,https://www.wikidata.org/entity/Q9617,Egypt,https://www.wikidata.org/entity/Q79,right-footedness,https://www.wikidata.org/entity/Q1843233,1992-11-07,0,0,0,0
Landon Emenalo,midfielder,https://www.wikidata.org/entity/Q193592,Chelsea F.C.,https://www.wikidata.org/entity/Q9616,England,https://www.wikidata.org/entity/Q21,left-footedness,https://www.wikidata.org/entity/Q2183543,2008-01-18,0,0,0,0
Johnny Emerson,forward,https://www.wikidata.org/entity/Q280658,Newcastle United F.C.,https://www.wikidata.org/entity/Q18716,Scotland,https://www.wikidata.org/entity/Q22,right-footedness,https://www.wikidata.org/entity/Q1843233,2005-11-30,0,0,0,0
Lander Emery,goalkeeper,https://www.wikidata.org/entity/Q201330,Aston Villa F.C.,https://www.wikidata.org/entity/Q18711,Spain,https://www.wikidata.org/entity/Q29,n/a,,2003-03-29,0,0,0,0
Thiago Silva,defender,https://www.wikidata.org/entity/Q336286,Chelsea F.C.,https://www.wikidata.org/entity/Q9616,Brazil,https://www.wikidata.org/entity/Q155,right-footedness,https://www.wikidata.org/entity/Q1843233,1984-09-22,0,0,0,0
Julio Enciso,midfielder,https://www.wikidata.org/entity/Q193592,Ipswich Town F.C.,https://www.wikidata.org/entity/Q9653,Paraguay,https://www.wikidata.org/entity/Q733,right-footedness,https://www.wikidata.org/entity/Q1843233,2004-01-23,1.06,1.75,3,2
Wataru Endo,midfielder,https://www.wikidata.org/entity/Q193592,Liverpool F.C.,https://www.wikidata.org/entity/Q1130849,Japan,https://www.wikidata.org/entity/Q17,right-footedness,https://www.wikidata.org/entity/Q1843233,1993-09-02,0.1,0,0,0
Ethan Ennis,midfielder,https://www.wikidata.org/entity/Q193592,Manchester United F.C.,https://www.wikidata.org/entity/Q18656,England,https://www.wikidata.org/entity/Q21,right-footedness,https://www.wikidata.org/entity/Q1843233,2004-11-12,0,0,0,0
Christian Eriksen,midfielder,https://www.wikidata.org/entity/Q193592,Manchester United F.C.,https://www.wikidata.org/entity/Q18656,Denmark,https://www.wikidata.org/entity/Q35,two-footedness,https://www.wikidata.org/entity/Q136817382,1992-02-14,2.61,1.36,2,1
Mateus Fernandes,midfielder,https://www.wikidata.org/entity/Q193592,Southampton F.C.,https://www.wikidata.org/entity/Q18732,Portugal,https://www.wikidata.org/entity/Q45,right-footedness,https://www.wikidata.org/entity/Q1843233,2004-10-07,3.64,4.01,4,2
Romain Esse,midfielder,https://www.wikidata.org/entity/Q193592,Crystal Palace F.C.,https://www.wikidata.org/entity/Q19467,England,https://www.wikidata.org/entity/Q21,left-footedness,https://www.wikidata.org/entity/Q2183543,2005-05-13,0.42,0.32,1,1
Pervis Estupiñán,defender,https://www.wikidata.org/entity/Q336286,Brighton & Hove Albion F.C.,https://www.wikidata.org/entity/Q19453,Ecuador,https://www.wikidata.org/entity/Q736,left-footedness,https://www.wikidata.org/entity/Q2183543,1998-01-21,2.49,1.17,1,1
Jonny Evans,defender,https://www.wikidata.org/entity/Q336286,Manchester United F.C.,https://www.wikidata.org/entity/Q18656,Northern Ireland,https://www.wikidata.org/entity/Q26,two-footedness,https://www.wikidata.org/entity/Q136817382,1988-03-01,0.03,0.13,0,0
Jake Evans,forward,https://www.wikidata.org/entity/Q280658,Leicester City F.C.,https://www.wikidata.org/entity/Q19481,England,https://www.wikidata.org/entity/Q21,n/a,,2008-04-06,0,0,0,0
Julian Eyestone,goalkeeper,https://www.wikidata.org/entity/Q201330,Brentford F.C.,https://www.wikidata.org/entity/Q19571,United States,https://www.wikidata.org/entity/Q30,right-footedness,https://www.wikidata.org/entity/Q1843233,2006-04-21,0,0,0,0
Eberechi Eze,midfielder,https://www.wikidata.org/entity/Q193592,Crystal Palace F.C.,https://www.wikidata.org/entity/Q19467,England,https://www.wikidata.org/entity/Q21,right-footedness,https://www.wikidata.org/entity/Q1843233,1998-06-29,4.68,10.5,8,8
Lukasz Fabianski,goalkeeper,https://www.wikidata.org/entity/Q201330,West Ham United F.C.,https://www.wikidata.org/entity/Q18747,Poland,https://www.wikidata.org/entity/Q36,right-footedness,https://www.wikidata.org/entity/Q1843233,1985-04-18,0,0,0,0
Wout Faes,defender,https://www.wikidata.org/entity/Q336286,Leicester City F.C.,https://www.wikidata.org/entity/Q19481,Belgium,https://www.wikidata.org/entity/Q31,right-footedness,https://www.wikidata.org/entity/Q1843233,1998-03-04,0.43,1.53,0,1
Romain Faivre,midfielder,https://www.wikidata.org/entity/Q193592,AFC Bournemouth,https://www.wikidata.org/entity/Q19568,France,https://www.wikidata.org/entity/Q142,left-footedness,https://www.wikidata.org/entity/Q2183543,1998-07-14,0,0,0,0
Amar Fatah,forward,https://www.wikidata.org/entity/Q280658,Manchester City F.C.,https://www.wikidata.org/entity/Q50602,Sweden,https://www.wikidata.org/entity/Q34,right-footedness,https://www.wikidata.org/entity/Q1843233,2004-02-19,0,0,0,0
Abdul Fatawu,forward,https://www.wikidata.org/entity/Q280658,Leicester City F.C.,https://www.wikidata.org/entity/Q19481,Ghana,https://www.wikidata.org/entity/Q117,left-footedness,https://www.wikidata.org/entity/Q2183543,2004-08-03,1.42,0.42,2,0
Ansu Fati,forward,https://www.wikidata.org/entity/Q280658,Brighton & Hove Albion F.C.,https://www.wikidata.org/entity/Q19453,Spain,https://www.wikidata.org/entity/Q29,right-footedness,https://www.wikidata.org/entity/Q1843233,2002-10-31,0,0,0,0
Josh Feeney,defender,https://www.wikidata.org/entity/Q336286,Aston Villa F.C.,https://www.wikidata.org/entity/Q18711,England,https://www.wikidata.org/entity/Q21,right-footedness,https://www.wikidata.org/entity/Q1843233,2005-06-05,0,0,0,0
Nathan Ferguson,defender,https://www.wikidata.org/entity/Q336286,Crystal Palace F.C.,https://www.wikidata.org/entity/Q19467,England,https://www.wikidata.org/entity/Q21,n/a,,2000-06-10,0,0,0,0
Evan Ferguson,forward,https://www.wikidata.org/entity/Q280658,West Ham United F.C.,https://www.wikidata.org/entity/Q18747,Ireland,https://www.wikidata.org/entity/Q27,right-footedness,https://www.wikidata.org/entity/Q1843233,2004-10-19,0.4,0.54,0,1
Enzo Fernández,midfielder,https://www.wikidata.org/entity/Q193592,Chelsea F.C.,https://www.wikidata.org/entity/Q9616,Argentina,https://www.wikidata.org/entity/Q414,right-footedness,https://www.wikidata.org/entity/Q1843233,2001-01-17,6.22,6.13,7,6
Jota Silva,forward,https://www.wikidata.org/entity/Q280658,Nottingham Forest F.C.,https://www.wikidata.org/entity/Q19490,Portugal,https://www.wikidata.org/entity/Q45,right-footedness,https://www.wikidata.org/entity/Q1843233,1999-01-08,1.84,2.11,1,3
Fábio Vieira,midfielder,https://www.wikidata.org/entity/Q193592,Arsenal F.C.,https://www.wikidata.org/entity/Q9617,Portugal,https://www.wikidata.org/entity/Q45,left-footedness,https://www.wikidata.org/entity/Q2183543,2000-05-30,0,0,0,0
Will Fish,defender,https://www.wikidata.org/entity/Q336286,Manchester United F.C.,https://www.wikidata.org/entity/Q18656,England,https://www.wikidata.org/entity/Q21,right-footedness,https://www.wikidata.org/entity/Q1843233,2003-02-17,0,0,0,0
Jayce Fitzgerald,midfielder,https://www.wikidata.org/entity/Q193592,Manchester United F.C.,https://www.wikidata.org/entity/Q18656,England,https://www.wikidata.org/entity/Q21,right-footedness,https://www.wikidata.org/entity/Q1843233,2007-09-05,0,0,0,0
Mark Flekken,goalkeeper,https://www.wikidata.org/entity/Q201330,Brentford F.C.,https://www.wikidata.org/entity/Q19571,Netherlands,https://www.wikidata.org/entity/Q55,two-footedness,https://www.wikidata.org/entity/Q136817382,1993-06-13,0,0,2,0
Jack Fletcher,midfielder,https://www.wikidata.org/entity/Q193592,Manchester United F.C.,https://www.wikidata.org/entity/Q18656,England,https://www.wikidata.org/entity/Q21,left-footedness,https://www.wikidata.org/entity/Q2183543,2007-03-19,0,0,0,0
Phil Foden,midfielder,https://www.wikidata.org/entity/Q193592,Manchester City F.C.,https://www.wikidata.org/entity/Q50602,England,https://www.wikidata.org/entity/Q21,left-footedness,https://www.wikidata.org/entity/Q2183543,2000-05-28,5.34,5.16,2,7
Wes Foderingham,goalkeeper,https://www.wikidata.org/entity/Q201330,West Ham United F.C.,https://www.wikidata.org/entity/Q18747,England,https://www.wikidata.org/entity/Q21,left-footedness,https://www.wikidata.org/entity/Q2183543,1991-01-14,0,0,0,0
Wesley Fofana,defender,https://www.wikidata.org/entity/Q336286,Chelsea F.C.,https://www.wikidata.org/entity/Q9616,France,https://www.wikidata.org/entity/Q142,right-footedness,https://www.wikidata.org/entity/Q1843233,2000-12-17,0.22,0.44,0,0
David Datro Fofana,forward,https://www.wikidata.org/entity/Q280658,Chelsea F.C.,https://www.wikidata.org/entity/Q9616,Ivory Coast,https://www.wikidata.org/entity/Q1008,right-footedness,https://www.wikidata.org/entity/Q1843233,2002-12-22,0,0,0,0
Carlos Forbs,forward,https://www.wikidata.org/entity/Q280658,Wolverhampton Wanderers F.C.,https://www.wikidata.org/entity/Q19500,Portugal,https://www.wikidata.org/entity/Q45,left-footedness,https://www.wikidata.org/entity/Q2183543,2004-03-19,0.11,0.14,0,0
Omari Forson,midfielder,https://www.wikidata.org/entity/Q193592,Manchester United F.C.,https://www.wikidata.org/entity/Q18656,England,https://www.wikidata.org/entity/Q21,left-footedness,https://www.wikidata.org/entity/Q2183543,2004-07-20,0,0,0,0
Fraser Forster,goalkeeper,https://www.wikidata.org/entity/Q201330,Tottenham Hotspur F.C.,https://www.wikidata.org/entity/Q18741,England,https://www.wikidata.org/entity/Q21,right-footedness,https://www.wikidata.org/entity/Q1843233,1988-03-17,0,0,0,0
Tyrese Francois,midfielder,https://www.wikidata.org/entity/Q193592,Fulham F.C.,https://www.wikidata.org/entity/Q18708,Australia,https://www.wikidata.org/entity/Q408,left-footedness,https://www.wikidata.org/entity/Q2183543,2000-07-16,0,0,0,0
Matheus França,forward,https://www.wikidata.org/entity/Q280658,Crystal Palace F.C.,https://www.wikidata.org/entity/Q19467,Brazil,https://www.wikidata.org/entity/Q155,right-footedness,https://www.wikidata.org/entity/Q1843233,2004-01-04,0.18,0.25,0,1
Nathan Fraser,forward,https://www.wikidata.org/entity/Q280658,Wolverhampton Wanderers F.C.,https://www.wikidata.org/entity/Q19500,Ireland,https://www.wikidata.org/entity/Q27,right-footedness,https://www.wikidata.org/entity/Q1843233,2005-02-22,0,0,0,0
Ryan Fraser,midfielder,https://www.wikidata.org/entity/Q193592,Southampton F.C.,https://www.wikidata.org/entity/Q18732,Scotland,https://www.wikidata.org/entity/Q22,right-footedness,https://www.wikidata.org/entity/Q1843233,1994-02-24,0,0,0,0
Ryan Fredericks,defender,https://www.wikidata.org/entity/Q336286,AFC Bournemouth,https://www.wikidata.org/entity/Q19568,England,https://www.wikidata.org/entity/Q21,n/a,,1992-10-10,0,0,0,0
Benjamin Fredrick,defender,https://www.wikidata.org/entity/Q336286,Brentford F.C.,https://www.wikidata.org/entity/Q19571,Nigeria,https://www.wikidata.org/entity/Q1033,right-footedness,https://www.wikidata.org/entity/Q1843233,2005-05-28,0,0,0,0
Tyler Fredricson,defender,https://www.wikidata.org/entity/Q336286,Manchester United F.C.,https://www.wikidata.org/entity/Q18656,England,https://www.wikidata.org/entity/Q21,right-footedness,https://www.wikidata.org/entity/Q1843233,2005-02-23,0.02,0,0,0
Fábio Carvalho,midfielder,https://www.wikidata.org/entity/Q193592,Brentford F.C.,https://www.wikidata.org/entity/Q19571,Portugal,https://www.wikidata.org/entity/Q45,right-footedness,https://www.wikidata.org/entity/Q1843233,2002-08-30,0.56,2.51,1,2
Jorginho,midfielder,https://www.wikidata.org/entity/Q193592,Arsenal F.C.,https://www.wikidata.org/entity/Q9617,Italy,https://www.wikidata.org/entity/Q38,right-footedness,https://www.wikidata.org/entity/Q1843233,1991-12-20,0.59,0.06,0,0
Remo Freuler,midfielder,https://www.wikidata.org/entity/Q193592,Nottingham Forest F.C.,https://www.wikidata.org/entity/Q19490,Switzerland,https://www.wikidata.org/entity/Q39,right-footedness,https://www.wikidata.org/entity/Q1843233,1992-04-15,0,0,0,0
João Félix,forward,https://www.wikidata.org/entity/Q280658,Chelsea F.C.,https://www.wikidata.org/entity/Q9616,Portugal,https://www.wikidata.org/entity/Q45,right-footedness,https://www.wikidata.org/entity/Q1843233,1999-10-11,0.45,2.23,1,1
Niclas Füllkrug,forward,https://www.wikidata.org/entity/Q280658,West Ham United F.C.,https://www.wikidata.org/entity/Q18747,Germany,https://www.wikidata.org/entity/Q183,right-footedness,https://www.wikidata.org/entity/Q1843233,1993-09-02,0.42,2.17,2,3
Cody Gakpo,forward,https://www.wikidata.org/entity/Q280658,Liverpool F.C.,https://www.wikidata.org/entity/Q1130849,Netherlands,https://www.wikidata.org/entity/Q55,right-footedness,https://www.wikidata.org/entity/Q1843233,1999-07-05,3.77,7.09,4,10
Conor Gallagher,midfielder,https://www.wikidata.org/entity/Q193592,Chelsea F.C.,https://www.wikidata.org/entity/Q9616,England,https://www.wikidata.org/entity/Q21,right-footedness,https://www.wikidata.org/entity/Q1843233,2000-06-02,0,0,0,0
Tomas Galvez,defender,https://www.wikidata.org/entity/Q336286,Manchester City F.C.,https://www.wikidata.org/entity/Q50602,Finland,https://www.wikidata.org/entity/Q33,left-footedness,https://www.wikidata.org/entity/Q2183543,2005-01-28,0,0,0,0
Gonçalo Guedes,forward,https://www.wikidata.org/entity/Q280658,Wolverhampton Wanderers F.C.,https://www.wikidata.org/entity/Q19500,Portugal,https://www.wikidata.org/entity/Q45,right-footedness,https://www.wikidata.org/entity/Q1843233,1996-11-29,0.93,3.2,4,2
Andrés García,defender,https://www.wikidata.org/entity/Q336286,Aston Villa F.C.,https://www.wikidata.org/entity/Q18711,Spain,https://www.wikidata.org/entity/Q29,right-footedness,https://www.wikidata.org/entity/Q1843233,2003-07-02,0.45,0.04,0,0
Joe Gardner,forward,https://www.wikidata.org/entity/Q280658,Nottingham Forest F.C.,https://www.wikidata.org/entity/Q19490,Ireland,https://www.wikidata.org/entity/Q27,right-footedness,https://www.wikidata.org/entity/Q1843233,2005-06-06,0,0,0,0
Alejandro Garnacho,forward,https://www.wikidata.org/entity/Q280658,Manchester United F.C.,https://www.wikidata.org/entity/Q18656,Argentina,https://www.wikidata.org/entity/Q414,right-footedness,https://www.wikidata.org/entity/Q1843233,2004-01-07,2.77,7.33,2,6
James Garner,midfielder,https://www.wikidata.org/entity/Q193592,Everton F.C.,https://www.wikidata.org/entity/Q5794,England,https://www.wikidata.org/entity/Q21,right-footedness,https://www.wikidata.org/entity/Q1843233,2001-03-13,1.38,0.67,1,0
Joe Gauci,goalkeeper,https://www.wikidata.org/entity/Q201330,Aston Villa F.C.,https://www.wikidata.org/entity/Q18711,Australia,https://www.wikidata.org/entity/Q408,right-footedness,https://www.wikidata.org/entity/Q1843233,2000-04-07,0,0,0,0
Billy Gee,defender,https://www.wikidata.org/entity/Q336286,Chelsea F.C.,https://www.wikidata.org/entity/Q9616,England,https://www.wikidata.org/entity/Q21,right-footedness,https://www.wikidata.org/entity/Q1843233,2005-07-30,0,0,0,0
Tyrique George,forward,https://www.wikidata.org/entity/Q280658,Chelsea F.C.,https://www.wikidata.org/entity/Q9616,England,https://www.wikidata.org/entity/Q21,right-footedness,https://www.wikidata.org/entity/Q1843233,2006-04-02,0.27,0.2,1,1
Saman Ghoddos,forward,https://www.wikidata.org/entity/Q280658,Brentford F.C.,https://www.wikidata.org/entity/Q19571,Iran,https://www.wikidata.org/entity/Q794,right-footedness,https://www.wikidata.org/entity/Q1843233,1993-06-09,0,0,0,0
Morgan Gibbs-White,midfielder,https://www.wikidata.org/entity/Q193592,Nottingham Forest F.C.,https://www.wikidata.org/entity/Q19490,England,https://www.wikidata.org/entity/Q21,right-footedness,https://www.wikidata.org/entity/Q1843233,2000-01-27,4.69,6.34,8,7
Bryan Gil,forward,https://www.wikidata.org/entity/Q280658,Tottenham Hotspur F.C.,https://www.wikidata.org/entity/Q18741,Spain,https://www.wikidata.org/entity/Q29,left-footedness,https://www.wikidata.org/entity/Q2183543,2001-11-02,0,0,0,0
Alfie Gilchrist,defender,https://www.wikidata.org/entity/Q336286,Chelsea F.C.,https://www.wikidata.org/entity/Q9616,England,https://www.wikidata.org/entity/Q21,right-footedness,https://www.wikidata.org/entity/Q1843233,2003-11-28,0,0,0,0
Mark Gillespie,goalkeeper,https://www.wikidata.org/entity/Q201330,Newcastle United F.C.,https://www.wikidata.org/entity/Q18716,England,https://www.wikidata.org/entity/Q21,right-footedness,https://www.wikidata.org/entity/Q1843233,1992-03-27,0,0,0,0
Billy Gilmour,midfielder,https://www.wikidata.org/entity/Q193592,Brighton & Hove Albion F.C.,https://www.wikidata.org/entity/Q19453,Scotland,https://www.wikidata.org/entity/Q22,right-footedness,https://www.wikidata.org/entity/Q1843233,2001-11-06,0.04,0.08,0,0
Ben Godfrey,defender,https://www.wikidata.org/entity/Q336286,Ipswich Town F.C.,https://www.wikidata.org/entity/Q9653,England,https://www.wikidata.org/entity/Q21,right-footedness,https://www.wikidata.org/entity/Q1843233,1998-01-15,0.02,0,0,0
Martial Godo,forward,https://www.wikidata.org/entity/Q280658,Fulham F.C.,https://www.wikidata.org/entity/Q18708,Ivory Coast,https://www.wikidata.org/entity/Q1008,right-footedness,https://www.wikidata.org/entity/Q1843233,2003-03-14,0.08,0,0,0
Harvey Godsmark-Ford,midfielder,https://www.wikidata.org/entity/Q193592,Leicester City F.C.,https://www.wikidata.org/entity/Q19481,England,https://www.wikidata.org/entity/Q21,right-footedness,https://www.wikidata.org/entity/Q1843233,2003-09-25,0,0,0,0
Michael Golding,midfielder,https://www.wikidata.org/entity/Q193592,Leicester City F.C.,https://www.wikidata.org/entity/Q19481,England,https://www.wikidata.org/entity/Q21,right-footedness,https://www.wikidata.org/entity/Q1843233,2006-05-23,0,0,0,0
Toti Gomes,defender,https://www.wikidata.org/entity/Q336286,Wolverhampton Wanderers F.C.,https://www.wikidata.org/entity/Q19500,Portugal,https://www.wikidata.org/entity/Q45,left-footedness,https://www.wikidata.org/entity/Q2183543,1999-01-16,0.6,0.73,1,0
Mauro Bandeira,midfielder,https://www.wikidata.org/entity/Q193592,Arsenal F.C.,https://www.wikidata.org/entity/Q9617,Portugal,https://www.wikidata.org/entity/Q45,right-footedness,https://www.wikidata.org/entity/Q1843233,2003-11-18,0,0,0,0
Beto,forward,https://www.wikidata.org/entity/Q280658,Everton F.C.,https://www.wikidata.org/entity/Q5794,Guinea-Bissau,https://www.wikidata.org/entity/Q1007,right-footedness,https://www.wikidata.org/entity/Q1843233,1998-01-31,0.47,7.86,0,8
João Gomes,midfielder,https://www.wikidata.org/entity/Q193592,Wolverhampton Wanderers F.C.,https://www.wikidata.org/entity/Q19500,Brazil,https://www.wikidata.org/entity/Q155,right-footedness,https://www.wikidata.org/entity/Q1843233,2001-12-02,1.9,2.89,1,3
Joe Gomez,defender,https://www.wikidata.org/entity/Q336286,Liverpool F.C.,https://www.wikidata.org/entity/Q1130849,England,https://www.wikidata.org/entity/Q21,right-footedness,https://www.wikidata.org/entity/Q1843233,1997-05-23,0.1,0.33,0,0
Nico González,midfielder,https://www.wikidata.org/entity/Q193592,Manchester City F.C.,https://www.wikidata.org/entity/Q50602,Spain,https://www.wikidata.org/entity/Q29,right-footedness,https://www.wikidata.org/entity/Q1843233,2002-03-01,0.49,0.48,0,1
Enso González,forward,https://www.wikidata.org/entity/Q280658,Wolverhampton Wanderers F.C.,https://www.wikidata.org/entity/Q19500,Paraguay,https://www.wikidata.org/entity/Q733,left-footedness,https://www.wikidata.org/entity/Q2183543,2005-01-20,0,0,0,0
Charlie Goode,defender,https://www.wikidata.org/entity/Q336286,Brentford F.C.,https://www.wikidata.org/entity/Q19571,England,https://www.wikidata.org/entity/Q21,right-footedness,https://www.wikidata.org/entity/Q1843233,1995-03-08,0,0,0,0
Anthony Gordon,forward,https://www.wikidata.org/entity/Q280658,Newcastle United F.C.,https://www.wikidata.org/entity/Q18716,England,https://www.wikidata.org/entity/Q21,right-footedness,https://www.wikidata.org/entity/Q1843233,2001-02-24,5.11,8.03,5,6
Kaide Gordon,forward,https://www.wikidata.org/entity/Q280658,Liverpool F.C.,https://www.wikidata.org/entity/Q1130849,England,https://www.wikidata.org/entity/Q21,left-footedness,https://www.wikidata.org/entity/Q2183543,2004-05-10,0,0,0,0
Daniel Gore,midfielder,https://www.wikidata.org/entity/Q193592,Manchester United F.C.,https://www.wikidata.org/entity/Q18656,England,https://www.wikidata.org/entity/Q21,right-footedness,https://www.wikidata.org/entity/Q1843233,2004-09-26,0,0,0,0
Jimi Gower,midfielder,https://www.wikidata.org/entity/Q193592,Arsenal F.C.,https://www.wikidata.org/entity/Q9617,England,https://www.wikidata.org/entity/Q21,right-footedness,https://www.wikidata.org/entity/Q1843233,2004-01-10,0,0,0,0
Hubert Graczyk,goalkeeper,https://www.wikidata.org/entity/Q201330,Manchester United F.C.,https://www.wikidata.org/entity/Q18656,Poland,https://www.wikidata.org/entity/Q36,right-footedness,https://www.wikidata.org/entity/Q1843233,2003-02-28,0,0,0,0
True Grant,goalkeeper,https://www.wikidata.org/entity/Q201330,Manchester City F.C.,https://www.wikidata.org/entity/Q50602,England,https://www.wikidata.org/entity/Q21,n/a,,2005-02-11,0,0,0,0
Ryan Gravenberch,midfielder,https://www.wikidata.org/entity/Q193592,Liverpool F.C.,https://www.wikidata.org/entity/Q1130849,Netherlands,https://www.wikidata.org/entity/Q55,right-footedness,https://www.wikidata.org/entity/Q1843233,2002-05-16,0,0,0,0
Archie Gray,midfielder,https://www.wikidata.org/entity/Q193592,Tottenham Hotspur F.C.,https://www.wikidata.org/entity/Q18741,England,https://www.wikidata.org/entity/Q21,right-footedness,https://www.wikidata.org/entity/Q1843233,2006-12-03,0,0,0,0
Jack Grealish,midfielder,https://www.wikidata.org/entity/Q193592,Manchester City F.C.,https://www.wikidata.org/entity/Q50602,England,https://www.wikidata.org/entity/Q21,right-footedness,https://www.wikidata.org/entity/Q1843233,1995-10-09,1.69,1.13,1,1
Jacob Greaves,defender,https://www.wikidata.org/entity/Q336286,Ipswich Town F.C.,https://www.wikidata.org/entity/Q9653,England,https://www.wikidata.org/entity/Q21,left-footedness,https://www.wikidata.org/entity/Q2183543,2000-12-09,0.21,1.31,0,1
Mason Greenwood,forward,https://www.wikidata.org/entity/Q280658,Manchester United F.C.,https://www.wikidata.org/entity/Q18656,England,https://www.wikidata.org/entity/Q21,two-footedness,https://www.wikidata.org/entity/Q136817382,2001-01-10,0,0,0,0
Ben Greenwood,defender,https://www.wikidata.org/entity/Q336286,AFC Bournemouth,https://www.wikidata.org/entity/Q19568,England,https://www.wikidata.org/entity/Q21,n/a,,2003-02-20,0,0,0,0
Seán Grehan,defender,https://www.wikidata.org/entity/Q336286,Crystal Palace F.C.,https://www.wikidata.org/entity/Q19467,Ireland,https://www.wikidata.org/entity/Q27,right-footedness,https://www.wikidata.org/entity/Q1843233,2004-08-01,0,0,0,0
Harvey Griffiths,midfielder,https://www.wikidata.org/entity/Q193592,Wolverhampton Wanderers F.C.,https://www.wikidata.org/entity/Q19500,England,https://www.wikidata.org/entity/Q21,right-footedness,https://www.wikidata.org/entity/Q1843233,2003-09-22,0,0,0,0
Pascal Groß,midfielder,https://www.wikidata.org/entity/Q193592,Brighton & Hove Albion F.C.,https://www.wikidata.org/entity/Q19453,Germany,https://www.wikidata.org/entity/Q183,right-footedness,https://www.wikidata.org/entity/Q1843233,1991-06-15,0,0,0,0
Brajan Gruda,midfielder,https://www.wikidata.org/entity/Q193592,Brighton & Hove Albion F.C.,https://www.wikidata.org/entity/Q19453,Germany,https://www.wikidata.org/entity/Q183,left-footedness,https://www.wikidata.org/entity/Q2183543,2004-05-31,1.93,1.21,4,1
Albert Grønbæk,midfielder,https://www.wikidata.org/entity/Q193592,Southampton F.C.,https://www.wikidata.org/entity/Q18732,Denmark,https://www.wikidata.org/entity/Q35,two-footedness,https://www.wikidata.org/entity/Q136817382,2001-05-23,0.01,0.12,0,0
Idrissa Gueye,midfielder,https://www.wikidata.org/entity/Q193592,Everton F.C.,https://www.wikidata.org/entity/Q5794,Senegal,https://www.wikidata.org/entity/Q1041,right-footedness,https://www.wikidata.org/entity/Q1843233,1989-09-26,1.97,1.06,3,0
Bruno Guimarães,midfielder,https://www.wikidata.org/entity/Q193592,Newcastle United F.C.,https://www.wikidata.org/entity/Q18716,Brazil,https://www.wikidata.org/entity/Q155,right-footedness,https://www.wikidata.org/entity/Q1843233,1997-11-16,5.39,4.31,6,5
Marc Guiu,forward,https://www.wikidata.org/entity/Q280658,Chelsea F.C.,https://www.wikidata.org/entity/Q9616,Spain,https://www.wikidata.org/entity/Q29,left-footedness,https://www.wikidata.org/entity/Q2183543,2006-04-01,0.02,0,0,0
Luca Gunter,goalkeeper,https://www.wikidata.org/entity/Q201330,Tottenham Hotspur F.C.,https://www.wikidata.org/entity/Q18741,England,https://www.wikidata.org/entity/Q21,n/a,,2005-03-23,0,0,0,0
Malo Gusto,defender,https://www.wikidata.org/entity/Q336286,Chelsea F.C.,https://www.wikidata.org/entity/Q9616,France,https://www.wikidata.org/entity/Q142,right-footedness,https://www.wikidata.org/entity/Q1843233,2003-05-19,1.94,1.7,1,0
Marc Guéhi,defender,https://www.wikidata.org/entity/Q336286,Crystal Palace F.C.,https://www.wikidata.org/entity/Q19467,England,https://www.wikidata.org/entity/Q21,right-footedness,https://www.wikidata.org/entity/Q1843233,2000-07-13,2.01,1.98,2,3
Josko Gvardiol,defender,https://www.wikidata.org/entity/Q336286,Manchester City F.C.,https://www.wikidata.org/entity/Q50602,Croatia,https://www.wikidata.org/entity/Q224,left-footedness,https://www.wikidata.org/entity/Q2183543,2002-01-23,2.91,4.59,0,5
Sergio Gómez,midfielder,https://www.wikidata.org/entity/Q193592,Manchester City F.C.,https://www.wikidata.org/entity/Q50602,Spain,https://www.wikidata.org/entity/Q29,left-footedness,https://www.wikidata.org/entity/Q2183543,2000-04-09,0,0,0,0
Diego Gómez,midfielder,https://www.wikidata.org/entity/Q193592,Brighton & Hove Albion F.C.,https://www.wikidata.org/entity/Q19453,Paraguay,https://www.wikidata.org/entity/Q733,right-footedness,https://www.wikidata.org/entity/Q1843233,2003-03-27,1.15,0.87,0,1
Ilkay Gündogan,midfielder,https://www.wikidata.org/entity/Q193592,Manchester City F.C.,https://www.wikidata.org/entity/Q50602,Germany,https://www.wikidata.org/entity/Q183,right-footedness,https://www.wikidata.org/entity/Q1843233,1990-10-24,4.44,3.23,6,1
Erling Haaland,forward,https://www.wikidata.org/entity/Q280658,Manchester City F.C.,https://www.wikidata.org/entity/Q50602,Norway,https://www.wikidata.org/entity/Q20,left-footedness,https://www.wikidata.org/entity/Q2183543,2000-07-21,2.02,22.01,3,22
Lewis Hall,defender,https://www.wikidata.org/entity/Q336286,Newcastle United F.C.,https://www.wikidata.org/entity/Q18716,England,https://www.wikidata.org/entity/Q21,left-footedness,https://www.wikidata.org/entity/Q2183543,2004-08-09,3.73,0.41,4,0
Tyrese Hall,midfielder,https://www.wikidata.org/entity/Q193592,Tottenham Hotspur F.C.,https://www.wikidata.org/entity/Q18741,England,https://www.wikidata.org/entity/Q21,n/a,,2005-04-09,0,0,0,0
Micah Hamilton,midfielder,https://www.wikidata.org/entity/Q193592,Manchester City F.C.,https://www.wikidata.org/entity/Q50602,England,https://www.wikidata.org/entity/Q21,right-footedness,https://www.wikidata.org/entity/Q1843233,2003-11-13,0,0,0,0
Malachi Hardy,defender,https://www.wikidata.org/entity/Q336286,Tottenham Hotspur F.C.,https://www.wikidata.org/entity/Q18741,England,https://www.wikidata.org/entity/Q21,right-footedness,https://www.wikidata.org/entity/Q1843233,2008-10-03,0,0,0,0
Marcus Harness,midfielder,https://www.wikidata.org/entity/Q193592,Ipswich Town F.C.,https://www.wikidata.org/entity/Q9653,Ireland,https://www.wikidata.org/entity/Q27,right-footedness,https://www.wikidata.org/entity/Q1843233,1996-02-24,0.05,0,0,0
Luke Harris,midfielder,https://www.wikidata.org/entity/Q193592,Fulham F.C.,https://www.wikidata.org/entity/Q18708,Wales,https://www.wikidata.org/entity/Q25,right-footedness,https://www.wikidata.org/entity/Q1843233,2005-04-03,0,0,0,0
Aidan Harris,goalkeeper,https://www.wikidata.org/entity/Q201330,Newcastle United F.C.,https://www.wikidata.org/entity/Q18716,England,https://www.wikidata.org/entity/Q21,left-footedness,https://www.wikidata.org/entity/Q2183543,2006-12-16,0,0,0,0
Archie Harris,defender,https://www.wikidata.org/entity/Q336286,AFC Bournemouth,https://www.wikidata.org/entity/Q19568,England,https://www.wikidata.org/entity/Q21,left-footedness,https://www.wikidata.org/entity/Q2183543,2004-12-27,0,0,0,0
Jack Harrison,forward,https://www.wikidata.org/entity/Q280658,Everton F.C.,https://www.wikidata.org/entity/Q5794,England,https://www.wikidata.org/entity/Q21,left-footedness,https://www.wikidata.org/entity/Q2183543,1996-11-20,0,0,0,0
Alfie Harrison,midfielder,https://www.wikidata.org/entity/Q193592,Newcastle United F.C.,https://www.wikidata.org/entity/Q18716,England,https://www.wikidata.org/entity/Q21,n/a,,2005-11-28,0,0,0,0
Elyh Harrison,goalkeeper,https://www.wikidata.org/entity/Q201330,Manchester United F.C.,https://www.wikidata.org/entity/Q18656,England,https://www.wikidata.org/entity/Q21,right-footedness,https://www.wikidata.org/entity/Q1843233,2006-02-19,0,0,0,0
Ollie Harrison,midfielder,https://www.wikidata.org/entity/Q193592,Chelsea F.C.,https://www.wikidata.org/entity/Q9616,England,https://www.wikidata.org/entity/Q21,n/a,,2007-07-08,0,0,0,0
Adam Harrison,goalkeeper,https://www.wikidata.org/entity/Q201330,Newcastle United F.C.,https://www.wikidata.org/entity/Q18716,England,https://www.wikidata.org/entity/Q21,n/a,,2006-10-20,0,0,0,0
Taylor Harwood-Bellis,defender,https://www.wikidata.org/entity/Q336286,Southampton F.C.,https://www.wikidata.org/entity/Q18732,England,https://www.wikidata.org/entity/Q21,right-footedness,https://www.wikidata.org/entity/Q1843233,2002-01-30,0.67,1.79,0,1
Kortney Hause,defender,https://www.wikidata.org/entity/Q336286,Aston Villa F.C.,https://www.wikidata.org/entity/Q18711,England,https://www.wikidata.org/entity/Q21,left-footedness,https://www.wikidata.org/entity/Q2183543,1995-07-16,0,0,0,0
Kai Havertz,forward,https://www.wikidata.org/entity/Q280658,Arsenal F.C.,https://www.wikidata.org/entity/Q9617,Germany,https://www.wikidata.org/entity/Q183,left-footedness,https://www.wikidata.org/entity/Q2183543,1999-11-06,1.67,9.56,3,9
Isaac Hayden,midfielder,https://www.wikidata.org/entity/Q193592,Newcastle United F.C.,https://www.wikidata.org/entity/Q18716,Jamaica,https://www.wikidata.org/entity/Q766,right-footedness,https://www.wikidata.org/entity/Q1843233,1995-03-22,0,0,0,0
Chanse Headman,defender,https://www.wikidata.org/entity/Q336286,Brentford F.C.,https://www.wikidata.org/entity/Q19571,England,https://www.wikidata.org/entity/Q21,n/a,,2005-03-06,0,0,0,0
Isaac Heath,forward,https://www.wikidata.org/entity/Q280658,Everton F.C.,https://www.wikidata.org/entity/Q5794,England,https://www.wikidata.org/entity/Q21,right-footedness,https://www.wikidata.org/entity/Q1843233,2004-10-28,0,0,0,0
Tom Heaton,goalkeeper,https://www.wikidata.org/entity/Q201330,Manchester United F.C.,https://www.wikidata.org/entity/Q18656,England,https://www.wikidata.org/entity/Q21,right-footedness,https://www.wikidata.org/entity/Q1843233,1986-04-15,0,0,0,0
Ayden Heaven,defender,https://www.wikidata.org/entity/Q336286,Manchester United F.C.,https://www.wikidata.org/entity/Q18656,England,https://www.wikidata.org/entity/Q21,left-footedness,https://www.wikidata.org/entity/Q2183543,2006-09-22,0,0,0,0
Cathal Heffernan,defender,https://www.wikidata.org/entity/Q336286,Newcastle United F.C.,https://www.wikidata.org/entity/Q18716,Ireland,https://www.wikidata.org/entity/Q27,right-footedness,https://www.wikidata.org/entity/Q1843233,2005-04-27,0,0,0,0
Krisztián Hegyi,goalkeeper,https://www.wikidata.org/entity/Q201330,West Ham United F.C.,https://www.wikidata.org/entity/Q18747,Hungary,https://www.wikidata.org/entity/Q28,right-footedness,https://www.wikidata.org/entity/Q1843233,2002-09-24,0,0,0,0
Karl Hein,goalkeeper,https://www.wikidata.org/entity/Q201330,Arsenal F.C.,https://www.wikidata.org/entity/Q9617,Estonia,https://www.wikidata.org/entity/Q191,right-footedness,https://www.wikidata.org/entity/Q1843233,2002-04-13,0,0,0,0
Dean Henderson,goalkeeper,https://www.wikidata.org/entity/Q201330,Crystal Palace F.C.,https://www.wikidata.org/entity/Q19467,England,https://www.wikidata.org/entity/Q21,right-footedness,https://www.wikidata.org/entity/Q1843233,1997-12-03,0,0,0,0
Jeff Hendrick,midfielder,https://www.wikidata.org/entity/Q193592,Newcastle United F.C.,https://www.wikidata.org/entity/Q18716,Ireland,https://www.wikidata.org/entity/Q27,right-footedness,https://www.wikidata.org/entity/Q1843233,1992-01-31,0,0,0,0
Wayne Hennessey,goalkeeper,https://www.wikidata.org/entity/Q201330,Nottingham Forest F.C.,https://www.wikidata.org/entity/Q19490,Wales,https://www.wikidata.org/entity/Q25,right-footedness,https://www.wikidata.org/entity/Q1843233,1987-01-24,0,0,0,0
Rico Henry,defender,https://www.wikidata.org/entity/Q336286,Brentford F.C.,https://www.wikidata.org/entity/Q19571,England,https://www.wikidata.org/entity/Q21,left-footedness,https://www.wikidata.org/entity/Q2183543,1997-08-07,0.01,0,0,0
Jack Henry-Francis,midfielder,https://www.wikidata.org/entity/Q193592,Arsenal F.C.,https://www.wikidata.org/entity/Q9617,Ireland,https://www.wikidata.org/entity/Q27,n/a,,2003-09-23,0,0,0,0
Mads Hermansen,goalkeeper,https://www.wikidata.org/entity/Q201330,Leicester City F.C.,https://www.wikidata.org/entity/Q19481,Denmark,https://www.wikidata.org/entity/Q35,right-footedness,https://www.wikidata.org/entity/Q1843233,2000-11-07,0,0,0,0
Travis Hernes,midfielder,https://www.wikidata.org/entity/Q193592,Newcastle United F.C.,https://www.wikidata.org/entity/Q18716,Norway,https://www.wikidata.org/entity/Q20,right-footedness,https://www.wikidata.org/entity/Q1843233,2005-04-11,0,0,0,0
Rodri,midfielder,https://www.wikidata.org/entity/Q193592,Manchester City F.C.,https://www.wikidata.org/entity/Q50602,Spain,https://www.wikidata.org/entity/Q29,right-footedness,https://www.wikidata.org/entity/Q1843233,1996-06-22,0.09,0,0,0
Finlay Herrick,goalkeeper,https://www.wikidata.org/entity/Q201330,West Ham United F.C.,https://www.wikidata.org/entity/Q18747,England,https://www.wikidata.org/entity/Q21,n/a,,2006-01-18,0,0,0,0
Jaden Heskey,forward,https://www.wikidata.org/entity/Q280658,Manchester City F.C.,https://www.wikidata.org/entity/Q50602,England,https://www.wikidata.org/entity/Q21,n/a,,2005-12-17,0,0,0,0
Reigan Heskey,forward,https://www.wikidata.org/entity/Q280658,Manchester City F.C.,https://www.wikidata.org/entity/Q50602,England,https://www.wikidata.org/entity/Q21,n/a,,2008-01-19,0,0,0,0
Aaron Hickey,defender,https://www.wikidata.org/entity/Q336286,Brentford F.C.,https://www.wikidata.org/entity/Q19571,Scotland,https://www.wikidata.org/entity/Q22,two-footedness,https://www.wikidata.org/entity/Q136817382,2002-10-06,0,0,0,0
Tom Hill,midfielder,https://www.wikidata.org/entity/Q193592,Liverpool F.C.,https://www.wikidata.org/entity/Q1130849,Wales,https://www.wikidata.org/entity/Q25,right-footedness,https://www.wikidata.org/entity/Q1843233,2002-10-13,0,0,0,0
James Hill,defender,https://www.wikidata.org/entity/Q336286,AFC Bournemouth,https://www.wikidata.org/entity/Q19568,England,https://www.wikidata.org/entity/Q21,right-footedness,https://www.wikidata.org/entity/Q1843233,2002-10-01,0.26,0.29,1,0
Jack Hinchy,midfielder,https://www.wikidata.org/entity/Q193592,Brighton & Hove Albion F.C.,https://www.wikidata.org/entity/Q19453,England,https://www.wikidata.org/entity/Q21,n/a,,2003-01-30,0,0,0,0
Jack Hinshelwood,midfielder,https://www.wikidata.org/entity/Q193592,Brighton & Hove Albion F.C.,https://www.wikidata.org/entity/Q19453,England,https://www.wikidata.org/entity/Q21,right-footedness,https://www.wikidata.org/entity/Q1843233,2005-11-04,1.5,2.67,2,5
George Hirst,forward,https://www.wikidata.org/entity/Q280658,Ipswich Town F.C.,https://www.wikidata.org/entity/Q9653,Scotland,https://www.wikidata.org/entity/Q22,right-footedness,https://www.wikidata.org/entity/Q1843233,1999-02-15,0.27,2.13,1,3
Václav Hladky,goalkeeper,https://www.wikidata.org/entity/Q201330,Ipswich Town F.C.,https://www.wikidata.org/entity/Q9653,Czech Republic,https://www.wikidata.org/entity/Q213,right-footedness,https://www.wikidata.org/entity/Q1843233,1990-11-14,0,0,0,0
Joe Hodge,midfielder,https://www.wikidata.org/entity/Q193592,Wolverhampton Wanderers F.C.,https://www.wikidata.org/entity/Q19500,Ireland,https://www.wikidata.org/entity/Q27,right-footedness,https://www.wikidata.org/entity/Q1843233,2002-09-14,0,0,0,0
Andreas Pereira,midfielder,https://www.wikidata.org/entity/Q193592,Fulham F.C.,https://www.wikidata.org/entity/Q18708,Brazil,https://www.wikidata.org/entity/Q155,right-footedness,https://www.wikidata.org/entity/Q1843233,1996-01-01,4.61,3.81,4,2
Ki-Jana Hoever,defender,https://www.wikidata.org/entity/Q336286,Wolverhampton Wanderers F.C.,https://www.wikidata.org/entity/Q19500,Netherlands,https://www.wikidata.org/entity/Q55,right-footedness,https://www.wikidata.org/entity/Q1843233,2002-01-18,0,0,0,0
Rob Holding,defender,https://www.wikidata.org/entity/Q336286,Crystal Palace F.C.,https://www.wikidata.org/entity/Q19467,England,https://www.wikidata.org/entity/Q21,right-footedness,https://www.wikidata.org/entity/Q1843233,1995-09-20,0,0,0,0
Mason Holgate,defender,https://www.wikidata.org/entity/Q336286,Everton F.C.,https://www.wikidata.org/entity/Q5794,Jamaica,https://www.wikidata.org/entity/Q766,right-footedness,https://www.wikidata.org/entity/Q1843233,1996-10-22,0,0,0,0
Isaac Holland,midfielder,https://www.wikidata.org/entity/Q193592,Brentford F.C.,https://www.wikidata.org/entity/Q19571,England,https://www.wikidata.org/entity/Q21,n/a,,2005-02-09,0,0,0,0
Fletcher Holman,forward,https://www.wikidata.org/entity/Q280658,Wolverhampton Wanderers F.C.,https://www.wikidata.org/entity/Q19500,England,https://www.wikidata.org/entity/Q21,n/a,,2004-12-10,0,0,0,0
Harry Howell,forward,https://www.wikidata.org/entity/Q280658,Brighton & Hove Albion F.C.,https://www.wikidata.org/entity/Q19453,England,https://www.wikidata.org/entity/Q21,left-footedness,https://www.wikidata.org/entity/Q2183543,2008-04-20,0.05,0,0,0
Justin Hubner,defender,https://www.wikidata.org/entity/Q336286,Wolverhampton Wanderers F.C.,https://www.wikidata.org/entity/Q19500,Indonesia,https://www.wikidata.org/entity/Q252,left-footedness,https://www.wikidata.org/entity/Q2183543,2003-09-14,0,0,0,0
Max Hudson,goalkeeper,https://www.wikidata.org/entity/Q201330,Manchester City F.C.,https://www.wikidata.org/entity/Q50602,Wales,https://www.wikidata.org/entity/Q25,n/a,,2007-09-20,0,0,0,0
Callum Hudson-Odoi,forward,https://www.wikidata.org/entity/Q280658,Nottingham Forest F.C.,https://www.wikidata.org/entity/Q19490,England,https://www.wikidata.org/entity/Q21,right-footedness,https://www.wikidata.org/entity/Q1843233,2000-07-11,2.61,2.47,2,5
Will Hughes,midfielder,https://www.wikidata.org/entity/Q193592,Crystal Palace F.C.,https://www.wikidata.org/entity/Q19467,England,https://www.wikidata.org/entity/Q21,left-footedness,https://www.wikidata.org/entity/Q2183543,1995-04-17,0,0,0,0
Joe Hugill,forward,https://www.wikidata.org/entity/Q280658,Manchester United F.C.,https://www.wikidata.org/entity/Q18656,England,https://www.wikidata.org/entity/Q21,right-footedness,https://www.wikidata.org/entity/Q1843233,2003-10-19,0,0,0,0
Dean Huijsen,defender,https://www.wikidata.org/entity/Q336286,AFC Bournemouth,https://www.wikidata.org/entity/Q19568,Spain,https://www.wikidata.org/entity/Q29,two-footedness,https://www.wikidata.org/entity/Q136817382,2005-04-14,1.57,1.87,2,3
Bashir Humphreys,defender,https://www.wikidata.org/entity/Q336286,Chelsea F.C.,https://www.wikidata.org/entity/Q9616,England,https://www.wikidata.org/entity/Q21,left-footedness,https://www.wikidata.org/entity/Q2183543,2003-03-15,0,0,0,0
Cameron Humphreys,midfielder,https://www.wikidata.org/entity/Q193592,Ipswich Town F.C.,https://www.wikidata.org/entity/Q9653,England,https://www.wikidata.org/entity/Q21,n/a,,2003-10-30,0,0,0,0
Mackenzie Hunt,midfielder,https://www.wikidata.org/entity/Q193592,Everton F.C.,https://www.wikidata.org/entity/Q5794,United Arab Emirates,https://www.wikidata.org/entity/Q878,left-footedness,https://www.wikidata.org/entity/Q2183543,2001-11-14,0,0,0,0
James Huntley,midfielder,https://www.wikidata.org/entity/Q193592,Newcastle United F.C.,https://www.wikidata.org/entity/Q18716,England,https://www.wikidata.org/entity/Q21,n/a,,2004-02-03,0,0,0,0
Omari Hutchinson,forward,https://www.wikidata.org/entity/Q280658,Ipswich Town F.C.,https://www.wikidata.org/entity/Q9653,England,https://www.wikidata.org/entity/Q21,left-footedness,https://www.wikidata.org/entity/Q2183543,2003-10-30,2.46,2.85,2,3
Hwang Hee-Chan,forward,https://www.wikidata.org/entity/Q280658,Wolverhampton Wanderers F.C.,https://www.wikidata.org/entity/Q19500,South Korea,https://www.wikidata.org/entity/Q884,right-footedness,https://www.wikidata.org/entity/Q1843233,1996-01-26,0.33,0.8,0,2
Hwang Ui-Jo,forward,https://www.wikidata.org/entity/Q280658,Nottingham Forest F.C.,https://www.wikidata.org/entity/Q19490,South Korea,https://www.wikidata.org/entity/Q884,right-footedness,https://www.wikidata.org/entity/Q1843233,1992-08-28,0,0,0,0
Pierre-Emile Højbjerg,midfielder,https://www.wikidata.org/entity/Q193592,Tottenham Hotspur F.C.,https://www.wikidata.org/entity/Q18741,Denmark,https://www.wikidata.org/entity/Q35,right-footedness,https://www.wikidata.org/entity/Q1843233,1995-05-08,0,0,0,0
Rasmus Højlund,forward,https://www.wikidata.org/entity/Q280658,Manchester United F.C.,https://www.wikidata.org/entity/Q18656,Denmark,https://www.wikidata.org/entity/Q35,left-footedness,https://www.wikidata.org/entity/Q2183543,2003-04-02,1.06,5.24,0,4
Kelechi Iheanacho,forward,https://www.wikidata.org/entity/Q280658,Leicester City F.C.,https://www.wikidata.org/entity/Q19481,Nigeria,https://www.wikidata.org/entity/Q1033,left-footedness,https://www.wikidata.org/entity/Q2183543,1996-03-10,0,0,0,0
Samuel Iling-Junior,forward,https://www.wikidata.org/entity/Q280658,Aston Villa F.C.,https://www.wikidata.org/entity/Q18711,England,https://www.wikidata.org/entity/Q21,left-footedness,https://www.wikidata.org/entity/Q2183543,2003-04-10,0,0,0,0
Danny Imray,defender,https://www.wikidata.org/entity/Q336286,Crystal Palace F.C.,https://www.wikidata.org/entity/Q19467,England,https://www.wikidata.org/entity/Q21,right-footedness,https://www.wikidata.org/entity/Q1843233,2003-07-27,0,0,0,0
Danny Ings,forward,https://www.wikidata.org/entity/Q280658,West Ham United F.C.,https://www.wikidata.org/entity/Q18747,England,https://www.wikidata.org/entity/Q21,right-footedness,https://www.wikidata.org/entity/Q1843233,1992-07-23,0.08,2.27,2,1
Tim Iroegbunam,midfielder,https://www.wikidata.org/entity/Q193592,Everton F.C.,https://www.wikidata.org/entity/Q5794,England,https://www.wikidata.org/entity/Q21,right-footedness,https://www.wikidata.org/entity/Q1843233,2003-06-30,0.13,0.24,1,0
Andy Irving,midfielder,https://www.wikidata.org/entity/Q193592,West Ham United F.C.,https://www.wikidata.org/entity/Q18747,Scotland,https://www.wikidata.org/entity/Q22,left-footedness,https://www.wikidata.org/entity/Q2183543,2000-05-13,0.13,0.12,0,0
Alexander Isak,forward,https://www.wikidata.org/entity/Q280658,Newcastle United F.C.,https://www.wikidata.org/entity/Q18716,Sweden,https://www.wikidata.org/entity/Q34,right-footedness,https://www.wikidata.org/entity/Q1843233,1999-09-21,3.6,20.42,6,23
Daniel Iversen,goalkeeper,https://www.wikidata.org/entity/Q201330,Leicester City F.C.,https://www.wikidata.org/entity/Q19481,Denmark,https://www.wikidata.org/entity/Q35,right-footedness,https://www.wikidata.org/entity/Q1843233,1997-07-19,0,0,0,0
Alex Iwobi,forward,https://www.wikidata.org/entity/Q280658,Fulham F.C.,https://www.wikidata.org/entity/Q18708,Nigeria,https://www.wikidata.org/entity/Q1033,right-footedness,https://www.wikidata.org/entity/Q1843233,1996-03-05,6.98,4.72,6,9
Kayden Jackson,forward,https://www.wikidata.org/entity/Q280658,Ipswich Town F.C.,https://www.wikidata.org/entity/Q9653,England,https://www.wikidata.org/entity/Q21,right-footedness,https://www.wikidata.org/entity/Q1843233,1994-02-22,0,0,0,0
Ben Jackson,defender,https://www.wikidata.org/entity/Q336286,Brighton & Hove Albion F.C.,https://www.wikidata.org/entity/Q19453,England,https://www.wikidata.org/entity/Q21,right-footedness,https://www.wikidata.org/entity/Q1843233,2003-03-09,0,0,0,0
Nicolas Jackson,forward,https://www.wikidata.org/entity/Q280658,Chelsea F.C.,https://www.wikidata.org/entity/Q9616,Senegal,https://www.wikidata.org/entity/Q1041,right-footedness,https://www.wikidata.org/entity/Q1843233,2001-06-20,1.92,12.34,5,10
Louis Jackson,defender,https://www.wikidata.org/entity/Q336286,Manchester United F.C.,https://www.wikidata.org/entity/Q18656,Scotland,https://www.wikidata.org/entity/Q22,n/a,,2005-09-18,0,0,0,0
Reece James,defender,https://www.wikidata.org/entity/Q336286,Chelsea F.C.,https://www.wikidata.org/entity/Q9616,England,https://www.wikidata.org/entity/Q21,right-footedness,https://www.wikidata.org/entity/Q1843233,1999-08-12,1.16,0.44,1,1
Vitaly Janelt,midfielder,https://www.wikidata.org/entity/Q193592,Brentford F.C.,https://www.wikidata.org/entity/Q19571,Germany,https://www.wikidata.org/entity/Q183,left-footedness,https://www.wikidata.org/entity/Q2183543,1998-10-05,2.4,0.82,3,1
Vítezslav Jaros,goalkeeper,https://www.wikidata.org/entity/Q201330,Liverpool F.C.,https://www.wikidata.org/entity/Q1130849,Czech Republic,https://www.wikidata.org/entity/Q213,right-footedness,https://www.wikidata.org/entity/Q1843233,2001-07-23,0,0,0,0
Daniel Jebbison,forward,https://www.wikidata.org/entity/Q280658,AFC Bournemouth,https://www.wikidata.org/entity/Q19568,Canada,https://www.wikidata.org/entity/Q16,right-footedness,https://www.wikidata.org/entity/Q1843233,2003-08-13,0.14,0.99,0,1
Mofe Jemide,defender,https://www.wikidata.org/entity/Q336286,Crystal Palace F.C.,https://www.wikidata.org/entity/Q19467,England,https://www.wikidata.org/entity/Q21,n/a,,2006-08-11,0,0,0,0
Mathias Jensen,midfielder,https://www.wikidata.org/entity/Q193592,Brentford F.C.,https://www.wikidata.org/entity/Q19571,Denmark,https://www.wikidata.org/entity/Q35,right-footedness,https://www.wikidata.org/entity/Q1843233,1996-01-01,1.75,0.24,2,0
Jamaldeen Jimoh,midfielder,https://www.wikidata.org/entity/Q193592,Aston Villa F.C.,https://www.wikidata.org/entity/Q18711,England,https://www.wikidata.org/entity/Q21,right-footedness,https://www.wikidata.org/entity/Q1843233,2006-02-10,0,0,0,0
Raúl Jiménez,forward,https://www.wikidata.org/entity/Q280658,Fulham F.C.,https://www.wikidata.org/entity/Q18708,Mexico,https://www.wikidata.org/entity/Q96,right-footedness,https://www.wikidata.org/entity/Q1843233,1991-05-05,2.08,11.99,3,12
Nile John,midfielder,https://www.wikidata.org/entity/Q193592,Tottenham Hotspur F.C.,https://www.wikidata.org/entity/Q18741,England,https://www.wikidata.org/entity/Q21,right-footedness,https://www.wikidata.org/entity/Q1843233,2003-06-03,0,0,0,0
Ben Johnson,defender,https://www.wikidata.org/entity/Q336286,Ipswich Town F.C.,https://www.wikidata.org/entity/Q9653,England,https://www.wikidata.org/entity/Q21,right-footedness,https://www.wikidata.org/entity/Q1843233,2000-01-24,0.86,1.06,2,1
Brennan Johnson,forward,https://www.wikidata.org/entity/Q280658,Tottenham Hotspur F.C.,https://www.wikidata.org/entity/Q18741,Wales,https://www.wikidata.org/entity/Q25,right-footedness,https://www.wikidata.org/entity/Q1843233,2001-05-23,2.05,10.4,3,11
Sam Johnstone,goalkeeper,https://www.wikidata.org/entity/Q201330,Wolverhampton Wanderers F.C.,https://www.wikidata.org/entity/Q19500,England,https://www.wikidata.org/entity/Q21,right-footedness,https://www.wikidata.org/entity/Q1843233,1993-03-25,0,0,0,0
Curtis Jones,midfielder,https://www.wikidata.org/entity/Q193592,Liverpool F.C.,https://www.wikidata.org/entity/Q1130849,England,https://www.wikidata.org/entity/Q21,right-footedness,https://www.wikidata.org/entity/Q1843233,2001-01-30,1.58,4.34,3,3
João Pedro,forward,https://www.wikidata.org/entity/Q280658,Brighton & Hove Albion F.C.,https://www.wikidata.org/entity/Q19453,Brazil,https://www.wikidata.org/entity/Q155,right-footedness,https://www.wikidata.org/entity/Q1843233,2001-09-26,3.09,8.9,6,10
James Justin,defender,https://www.wikidata.org/entity/Q336286,Leicester City F.C.,https://www.wikidata.org/entity/Q19481,England,https://www.wikidata.org/entity/Q21,right-footedness,https://www.wikidata.org/entity/Q1843233,1998-02-23,0.83,1.5,2,2
Zanka,defender,https://www.wikidata.org/entity/Q336286,Brentford F.C.,https://www.wikidata.org/entity/Q19571,Denmark,https://www.wikidata.org/entity/Q35,right-footedness,https://www.wikidata.org/entity/Q1843233,1990-04-23,0,0,0,0
Filip Jørgensen,goalkeeper,https://www.wikidata.org/entity/Q201330,Chelsea F.C.,https://www.wikidata.org/entity/Q9616,Denmark,https://www.wikidata.org/entity/Q35,right-footedness,https://www.wikidata.org/entity/Q1843233,2002-04-16,0,0,0,0
Ismeal Kabia,forward,https://www.wikidata.org/entity/Q280658,Arsenal F.C.,https://www.wikidata.org/entity/Q9617,Netherlands,https://www.wikidata.org/entity/Q55,right-footedness,https://www.wikidata.org/entity/Q1843233,2005-10-12,0,0,0,0
Issa Kaboré,defender,https://www.wikidata.org/entity/Q336286,Manchester City F.C.,https://www.wikidata.org/entity/Q50602,Burkina Faso,https://www.wikidata.org/entity/Q965,right-footedness,https://www.wikidata.org/entity/Q1843233,2001-12-05,0,0,0,0
Maldini Kacurri,defender,https://www.wikidata.org/entity/Q336286,Arsenal F.C.,https://www.wikidata.org/entity/Q9617,Albania,https://www.wikidata.org/entity/Q222,right-footedness,https://www.wikidata.org/entity/Q1843233,2005-04-10,0,0,0,0
Ferdi Kadioglu,midfielder,https://www.wikidata.org/entity/Q193592,Brighton & Hove Albion F.C.,https://www.wikidata.org/entity/Q19453,Turkey,https://www.wikidata.org/entity/Q43,right-footedness,https://www.wikidata.org/entity/Q1843233,1999-07-10,0.27,0.44,0,1
Sasa Kalajdzic,forward,https://www.wikidata.org/entity/Q280658,Wolverhampton Wanderers F.C.,https://www.wikidata.org/entity/Q19500,Austria,https://www.wikidata.org/entity/Q40,right-footedness,https://www.wikidata.org/entity/Q1843233,1997-07-07,0,0,0,0
Daichi Kamada,midfielder,https://www.wikidata.org/entity/Q193592,Crystal Palace F.C.,https://www.wikidata.org/entity/Q19467,Japan,https://www.wikidata.org/entity/Q17,right-footedness,https://www.wikidata.org/entity/Q1843233,1996-05-08,1.59,1.09,0,0
Boubacar Kamara,midfielder,https://www.wikidata.org/entity/Q193592,Aston Villa F.C.,https://www.wikidata.org/entity/Q18711,France,https://www.wikidata.org/entity/Q142,right-footedness,https://www.wikidata.org/entity/Q1843233,1999-11-23,0.83,0.82,0,1
Jaydan Kamason,defender,https://www.wikidata.org/entity/Q336286,Manchester United F.C.,https://www.wikidata.org/entity/Q18656,England,https://www.wikidata.org/entity/Q21,right-footedness,https://www.wikidata.org/entity/Q1843233,2006-08-12,0,0,0,0
Willy Kambwala,defender,https://www.wikidata.org/entity/Q336286,Manchester United F.C.,https://www.wikidata.org/entity/Q18656,France,https://www.wikidata.org/entity/Q142,right-footedness,https://www.wikidata.org/entity/Q1843233,2004-08-25,0,0,0,0
Mohamadou Kanté,midfielder,https://www.wikidata.org/entity/Q193592,West Ham United F.C.,https://www.wikidata.org/entity/Q18747,France,https://www.wikidata.org/entity/Q142,right-footedness,https://www.wikidata.org/entity/Q1843233,2005-09-20,0,0,0,0
Loris Karius,goalkeeper,https://www.wikidata.org/entity/Q201330,Newcastle United F.C.,https://www.wikidata.org/entity/Q18716,Germany,https://www.wikidata.org/entity/Q183,right-footedness,https://www.wikidata.org/entity/Q1843233,1993-06-22,0,0,0,0
Jadel Katongo,defender,https://www.wikidata.org/entity/Q336286,Manchester City F.C.,https://www.wikidata.org/entity/Q50602,England,https://www.wikidata.org/entity/Q21,right-footedness,https://www.wikidata.org/entity/Q1843233,2004-09-14,0,0,0,0
Thierry Katsukunya,defender,https://www.wikidata.org/entity/Q336286,Aston Villa F.C.,https://www.wikidata.org/entity/Q18711,Wales,https://www.wikidata.org/entity/Q25,right-footedness,https://www.wikidata.org/entity/Q1843233,2005-11-30,0,0,0,0
Leigh Kavanagh,defender,https://www.wikidata.org/entity/Q336286,Brighton & Hove Albion F.C.,https://www.wikidata.org/entity/Q19453,Ireland,https://www.wikidata.org/entity/Q27,n/a,,2003-12-27,0,0,0,0
Joachim Kayi-Sanda,defender,https://www.wikidata.org/entity/Q336286,Southampton F.C.,https://www.wikidata.org/entity/Q18732,France,https://www.wikidata.org/entity/Q142,right-footedness,https://www.wikidata.org/entity/Q1843233,2006-11-29,0,0,0,0
Michael Kayode,defender,https://www.wikidata.org/entity/Q336286,Brentford F.C.,https://www.wikidata.org/entity/Q19571,Italy,https://www.wikidata.org/entity/Q38,right-footedness,https://www.wikidata.org/entity/Q1843233,2004-10-07,0.69,0.21,1,0
Michael Keane,defender,https://www.wikidata.org/entity/Q336286,Everton F.C.,https://www.wikidata.org/entity/Q5794,England,https://www.wikidata.org/entity/Q21,right-footedness,https://www.wikidata.org/entity/Q1843233,1993-11-01,0.04,0.62,0,3
Caoimhín Kelleher,goalkeeper,https://www.wikidata.org/entity/Q201330,Liverpool F.C.,https://www.wikidata.org/entity/Q1130849,Ireland,https://www.wikidata.org/entity/Q27,right-footedness,https://www.wikidata.org/entity/Q1843233,1998-11-23,0,0,0,0
Lloyd Kelly,defender,https://www.wikidata.org/entity/Q336286,Newcastle United F.C.,https://www.wikidata.org/entity/Q18716,England,https://www.wikidata.org/entity/Q21,left-footedness,https://www.wikidata.org/entity/Q2183543,1998-06-10,0.11,0.41,1,0
Patrick Kelly,midfielder,https://www.wikidata.org/entity/Q193592,West Ham United F.C.,https://www.wikidata.org/entity/Q18747,Northern Ireland,https://www.wikidata.org/entity/Q26,n/a,,2004-02-10,0,0,0,0
Omari Kellyman,midfielder,https://www.wikidata.org/entity/Q193592,Chelsea F.C.,https://www.wikidata.org/entity/Q9616,England,https://www.wikidata.org/entity/Q21,left-footedness,https://www.wikidata.org/entity/Q2183543,2005-09-15,0,0,0,0
Milos Kerkez,defender,https://www.wikidata.org/entity/Q336286,AFC Bournemouth,https://www.wikidata.org/entity/Q19568,Hungary,https://www.wikidata.org/entity/Q28,left-footedness,https://www.wikidata.org/entity/Q2183543,2003-07-11,2.58,0.59,5,2
Kaine Kesler-Hayden,defender,https://www.wikidata.org/entity/Q336286,Aston Villa F.C.,https://www.wikidata.org/entity/Q18711,England,https://www.wikidata.org/entity/Q21,right-footedness,https://www.wikidata.org/entity/Q1843233,2002-10-23,0,0,0,0
Aaron Keto-Diyawa,defender,https://www.wikidata.org/entity/Q336286,Wolverhampton Wanderers F.C.,https://www.wikidata.org/entity/Q19500,England,https://www.wikidata.org/entity/Q21,n/a,,2003-11-09,0,0,0,0
Abdukodir Khusanov,defender,https://www.wikidata.org/entity/Q336286,Manchester City F.C.,https://www.wikidata.org/entity/Q50602,Uzbekistan,https://www.wikidata.org/entity/Q265,right-footedness,https://www.wikidata.org/entity/Q1843233,2004-02-29,0.09,0.02,0,0
Gavin Kilkenny,midfielder,https://www.wikidata.org/entity/Q193592,AFC Bournemouth,https://www.wikidata.org/entity/Q19568,Ireland,https://www.wikidata.org/entity/Q27,right-footedness,https://www.wikidata.org/entity/Q1843233,2000-01-02,0,0,0,0
Maximilian Kilman,defender,https://www.wikidata.org/entity/Q336286,West Ham United F.C.,https://www.wikidata.org/entity/Q18747,England,https://www.wikidata.org/entity/Q21,left-footedness,https://www.wikidata.org/entity/Q2183543,1997-05-23,1.22,1.65,1,0
Kim Ji-Soo,defender,https://www.wikidata.org/entity/Q336286,Brentford F.C.,https://www.wikidata.org/entity/Q19571,South Korea,https://www.wikidata.org/entity/Q884,two-footedness,https://www.wikidata.org/entity/Q136817382,2004-12-24,0,0,0,0
Tom King,goalkeeper,https://www.wikidata.org/entity/Q201330,Wolverhampton Wanderers F.C.,https://www.wikidata.org/entity/Q19500,Wales,https://www.wikidata.org/entity/Q25,right-footedness,https://www.wikidata.org/entity/Q1843233,1995-09-03,0,0,0,0
Josh King,midfielder,https://www.wikidata.org/entity/Q193592,Fulham F.C.,https://www.wikidata.org/entity/Q18708,England,https://www.wikidata.org/entity/Q21,right-footedness,https://www.wikidata.org/entity/Q1843233,2007-03-01,0.67,0.32,0,0
Maeson King,defender,https://www.wikidata.org/entity/Q336286,Tottenham Hotspur F.C.,https://www.wikidata.org/entity/Q18741,England,https://www.wikidata.org/entity/Q21,left-footedness,https://www.wikidata.org/entity/Q2183543,2005-09-09,0,0,0,0
Max Kinsey,defender,https://www.wikidata.org/entity/Q336286,AFC Bournemouth,https://www.wikidata.org/entity/Q19568,England,https://www.wikidata.org/entity/Q21,right-footedness,https://www.wikidata.org/entity/Q1843233,2005-02-02,0,0,0,0
Antonín Kinsky,goalkeeper,https://www.wikidata.org/entity/Q201330,Tottenham Hotspur F.C.,https://www.wikidata.org/entity/Q18741,Czech Republic,https://www.wikidata.org/entity/Q213,right-footedness,https://www.wikidata.org/entity/Q1843233,2003-03-13,0,0,0,0
Jakub Kiwior,defender,https://www.wikidata.org/entity/Q336286,Arsenal F.C.,https://www.wikidata.org/entity/Q9617,Poland,https://www.wikidata.org/entity/Q36,left-footedness,https://www.wikidata.org/entity/Q2183543,2000-02-15,0.31,0.17,0,1
Justin Kluivert,forward,https://www.wikidata.org/entity/Q280658,AFC Bournemouth,https://www.wikidata.org/entity/Q19568,Netherlands,https://www.wikidata.org/entity/Q55,right-footedness,https://www.wikidata.org/entity/Q1843233,1999-05-05,3.73,10.11,6,12
Ben Knight,midfielder,https://www.wikidata.org/entity/Q193592,Manchester City F.C.,https://www.wikidata.org/entity/Q50602,England,https://www.wikidata.org/entity/Q21,left-footedness,https://www.wikidata.org/entity/Q2183543,2002-06-14,0,0,0,0
Joe Knight,midfielder,https://www.wikidata.org/entity/Q193592,Brighton & Hove Albion F.C.,https://www.wikidata.org/entity/Q19453,England,https://www.wikidata.org/entity/Q21,right-footedness,https://www.wikidata.org/entity/Q1843233,2005-09-21,0,0,0,0
Jacob Knightbridge,goalkeeper,https://www.wikidata.org/entity/Q201330,West Ham United F.C.,https://www.wikidata.org/entity/Q18747,England,https://www.wikidata.org/entity/Q21,n/a,,2004-01-25,0,0,0,0
Gideon Kodua,forward,https://www.wikidata.org/entity/Q280658,West Ham United F.C.,https://www.wikidata.org/entity/Q18747,England,https://www.wikidata.org/entity/Q21,n/a,,2004-02-10,0,0,0,0
Yunus Konak,midfielder,https://www.wikidata.org/entity/Q193592,Brentford F.C.,https://www.wikidata.org/entity/Q19571,Turkey,https://www.wikidata.org/entity/Q43,right-footedness,https://www.wikidata.org/entity/Q1843233,2006-10-01,0.01,0.15,0,0
Ibrahima Konaté,defender,https://www.wikidata.org/entity/Q336286,Liverpool F.C.,https://www.wikidata.org/entity/Q1130849,France,https://www.wikidata.org/entity/Q142,right-footedness,https://www.wikidata.org/entity/Q1843233,1999-05-25,0.93,1.77,2,1
Terence Kongolo,defender,https://www.wikidata.org/entity/Q336286,Fulham F.C.,https://www.wikidata.org/entity/Q18708,Netherlands,https://www.wikidata.org/entity/Q55,n/a,,1994-02-14,0,0,0,0
Ezri Konsa,defender,https://www.wikidata.org/entity/Q336286,Aston Villa F.C.,https://www.wikidata.org/entity/Q18711,England,https://www.wikidata.org/entity/Q21,right-footedness,https://www.wikidata.org/entity/Q1843233,1997-10-23,0.63,1.28,0,2
Sékou Koné,midfielder,https://www.wikidata.org/entity/Q193592,Manchester United F.C.,https://www.wikidata.org/entity/Q18656,Mali,https://www.wikidata.org/entity/Q912,right-footedness,https://www.wikidata.org/entity/Q1843233,2006-03-02,0,0,0,0
Trent Koné-Doherty,forward,https://www.wikidata.org/entity/Q280658,Liverpool F.C.,https://www.wikidata.org/entity/Q1130849,Ireland,https://www.wikidata.org/entity/Q27,right-footedness,https://www.wikidata.org/entity/Q1843233,2006-06-30,0,0,0,0
Lize Kop,goalkeeper,https://www.wikidata.org/entity/Q201330,Tottenham Hotspur F.C.,https://www.wikidata.org/entity/Q18741,Netherlands,https://www.wikidata.org/entity/Q55,right-footedness,https://www.wikidata.org/entity/Q1843233,1998-03-17,0,0,0,0
Lewis Koumas,forward,https://www.wikidata.org/entity/Q280658,Liverpool F.C.,https://www.wikidata.org/entity/Q1130849,Wales,https://www.wikidata.org/entity/Q25,right-footedness,https://www.wikidata.org/entity/Q1843233,2005-09-19,0,0,0,0
Cheikhou Kouyaté,midfielder,https://www.wikidata.org/entity/Q193592,Nottingham Forest F.C.,https://www.wikidata.org/entity/Q19490,Senegal,https://www.wikidata.org/entity/Q1041,n/a,,1989-12-21,0,0,0,0
Mateo Kovacic,midfielder,https://www.wikidata.org/entity/Q193592,Manchester City F.C.,https://www.wikidata.org/entity/Q50602,Croatia,https://www.wikidata.org/entity/Q224,right-footedness,https://www.wikidata.org/entity/Q1843233,1994-06-05,3.23,1.88,2,6
Kacper Kozlowski,midfielder,https://www.wikidata.org/entity/Q193592,Brighton & Hove Albion F.C.,https://www.wikidata.org/entity/Q19453,Poland,https://www.wikidata.org/entity/Q36,right-footedness,https://www.wikidata.org/entity/Q1843233,2003-10-16,0,0,0,0
Caleb Kporha,defender,https://www.wikidata.org/entity/Q336286,Crystal Palace F.C.,https://www.wikidata.org/entity/Q19467,England,https://www.wikidata.org/entity/Q21,right-footedness,https://www.wikidata.org/entity/Q1843233,2006-07-15,0.02,0,0,0
Emil Krafth,defender,https://www.wikidata.org/entity/Q336286,Newcastle United F.C.,https://www.wikidata.org/entity/Q18716,Sweden,https://www.wikidata.org/entity/Q34,right-footedness,https://www.wikidata.org/entity/Q1843233,1994-02-08,0.03,0.03,0,0
Victor Kristiansen,defender,https://www.wikidata.org/entity/Q336286,Leicester City F.C.,https://www.wikidata.org/entity/Q19481,Denmark,https://www.wikidata.org/entity/Q35,left-footedness,https://www.wikidata.org/entity/Q2183543,2002-12-16,1.73,0.13,1,0
Mohammed Kudus,midfielder,https://www.wikidata.org/entity/Q193592,West Ham United F.C.,https://www.wikidata.org/entity/Q18747,Ghana,https://www.wikidata.org/entity/Q117,left-footedness,https://www.wikidata.org/entity/Q2183543,2000-02-08,2.7,6.9,3,5
Godwill Kukonki,defender,https://www.wikidata.org/entity/Q336286,Manchester United F.C.,https://www.wikidata.org/entity/Q18656,England,https://www.wikidata.org/entity/Q21,left-footedness,https://www.wikidata.org/entity/Q2183543,2008-06-02,0,0,0,0
Dejan Kulusevski,midfielder,https://www.wikidata.org/entity/Q193592,Tottenham Hotspur F.C.,https://www.wikidata.org/entity/Q18741,Sweden,https://www.wikidata.org/entity/Q34,left-footedness,https://www.wikidata.org/entity/Q2183543,2000-04-25,3.93,4.23,4,7
Garang Kuol,forward,https://www.wikidata.org/entity/Q280658,Newcastle United F.C.,https://www.wikidata.org/entity/Q18716,Australia,https://www.wikidata.org/entity/Q408,right-footedness,https://www.wikidata.org/entity/Q1843233,2004-09-15,0,0,0,0
Rio Kyerematen,midfielder,https://www.wikidata.org/entity/Q193592,Tottenham Hotspur F.C.,https://www.wikidata.org/entity/Q18741,England,https://www.wikidata.org/entity/Q21,right-footedness,https://www.wikidata.org/entity/Q1843233,2005-09-06,0,0,0,0
Maxence Lacroix,defender,https://www.wikidata.org/entity/Q336286,Crystal Palace F.C.,https://www.wikidata.org/entity/Q19467,France,https://www.wikidata.org/entity/Q142,right-footedness,https://www.wikidata.org/entity/Q1843233,2000-06-04,1.05,3.46,1,1
Freddie Ladapo,forward,https://www.wikidata.org/entity/Q280658,Ipswich Town F.C.,https://www.wikidata.org/entity/Q9653,England,https://www.wikidata.org/entity/Q21,right-footedness,https://www.wikidata.org/entity/Q1843233,1993-01-02,0,0,0,0
Levi Laing,defender,https://www.wikidata.org/entity/Q336286,West Ham United F.C.,https://www.wikidata.org/entity/Q18747,England,https://www.wikidata.org/entity/Q21,n/a,,2003-12-04,0,0,0,0
Adam Lallana,midfielder,https://www.wikidata.org/entity/Q193592,Southampton F.C.,https://www.wikidata.org/entity/Q18732,England,https://www.wikidata.org/entity/Q21,two-footedness,https://www.wikidata.org/entity/Q136817382,1988-10-05,0.49,0.17,2,0
Tariq Lamptey,defender,https://www.wikidata.org/entity/Q336286,Brighton & Hove Albion F.C.,https://www.wikidata.org/entity/Q19453,Ghana,https://www.wikidata.org/entity/Q117,right-footedness,https://www.wikidata.org/entity/Q1843233,2000-09-30,0.79,0.39,2,2
Will Lankshear,forward,https://www.wikidata.org/entity/Q280658,Tottenham Hotspur F.C.,https://www.wikidata.org/entity/Q18741,England,https://www.wikidata.org/entity/Q21,right-footedness,https://www.wikidata.org/entity/Q1843233,2005-04-20,0,0,0,0
Juan Larios,defender,https://www.wikidata.org/entity/Q336286,Southampton F.C.,https://www.wikidata.org/entity/Q18732,Spain,https://www.wikidata.org/entity/Q29,left-footedness,https://www.wikidata.org/entity/Q2183543,2004-12-01,0,0,0,0
Jamaal Lascelles,defender,https://www.wikidata.org/entity/Q336286,Newcastle United F.C.,https://www.wikidata.org/entity/Q18716,England,https://www.wikidata.org/entity/Q21,right-footedness,https://www.wikidata.org/entity/Q1843233,1993-11-11,0,0,0,0
Roméo Lavia,midfielder,https://www.wikidata.org/entity/Q193592,Chelsea F.C.,https://www.wikidata.org/entity/Q9616,Belgium,https://www.wikidata.org/entity/Q31,right-footedness,https://www.wikidata.org/entity/Q1843233,2004-06-01,0.36,0.26,1,0
Nico Lawrence,defender,https://www.wikidata.org/entity/Q336286,Southampton F.C.,https://www.wikidata.org/entity/Q18732,England,https://www.wikidata.org/entity/Q21,right-footedness,https://www.wikidata.org/entity/Q1843233,2003-11-22,0,0,0,0
Zan-Luk Leban,goalkeeper,https://www.wikidata.org/entity/Q201330,Everton F.C.,https://www.wikidata.org/entity/Q5794,Slovenia,https://www.wikidata.org/entity/Q215,right-footedness,https://www.wikidata.org/entity/Q1843233,2002-12-15,0,0,0,0
Emerson Royal,defender,https://www.wikidata.org/entity/Q336286,Tottenham Hotspur F.C.,https://www.wikidata.org/entity/Q18741,Brazil,https://www.wikidata.org/entity/Q155,right-footedness,https://www.wikidata.org/entity/Q1843233,1999-01-14,0,0,0,0
Mario Lemina,midfielder,https://www.wikidata.org/entity/Q193592,Wolverhampton Wanderers F.C.,https://www.wikidata.org/entity/Q19500,Gabon,https://www.wikidata.org/entity/Q1000,right-footedness,https://www.wikidata.org/entity/Q1843233,1993-01-09,1.15,1.4,3,1
Noha Lemina,forward,https://www.wikidata.org/entity/Q280658,Wolverhampton Wanderers F.C.,https://www.wikidata.org/entity/Q19500,Gabon,https://www.wikidata.org/entity/Q1000,right-footedness,https://www.wikidata.org/entity/Q1843233,2005-06-17,0,0,0,0
Clément Lenglet,defender,https://www.wikidata.org/entity/Q336286,Aston Villa F.C.,https://www.wikidata.org/entity/Q18711,France,https://www.wikidata.org/entity/Q142,left-footedness,https://www.wikidata.org/entity/Q2183543,1995-06-17,0,0,0,0
Bernd Leno,goalkeeper,https://www.wikidata.org/entity/Q201330,Fulham F.C.,https://www.wikidata.org/entity/Q18708,Germany,https://www.wikidata.org/entity/Q183,right-footedness,https://www.wikidata.org/entity/Q1843233,1992-04-03,0,0,1,0
Marc Leonard,midfielder,https://www.wikidata.org/entity/Q193592,Brighton & Hove Albion F.C.,https://www.wikidata.org/entity/Q19453,Scotland,https://www.wikidata.org/entity/Q22,right-footedness,https://www.wikidata.org/entity/Q1843233,2001-12-19,0,0,0,0
Jefferson Lerma,midfielder,https://www.wikidata.org/entity/Q193592,Crystal Palace F.C.,https://www.wikidata.org/entity/Q19467,Colombia,https://www.wikidata.org/entity/Q739,right-footedness,https://www.wikidata.org/entity/Q1843233,1994-10-25,1.74,1.09,1,0
Jamal Lewis,defender,https://www.wikidata.org/entity/Q336286,Newcastle United F.C.,https://www.wikidata.org/entity/Q18716,Northern Ireland,https://www.wikidata.org/entity/Q26,left-footedness,https://www.wikidata.org/entity/Q2183543,1998-01-25,0,0,0,0
Rico Lewis,defender,https://www.wikidata.org/entity/Q336286,Manchester City F.C.,https://www.wikidata.org/entity/Q50602,England,https://www.wikidata.org/entity/Q21,right-footedness,https://www.wikidata.org/entity/Q1843233,2004-11-21,1.02,1.38,2,1
Keane Lewis-Potter,forward,https://www.wikidata.org/entity/Q280658,Brentford F.C.,https://www.wikidata.org/entity/Q19571,England,https://www.wikidata.org/entity/Q21,right-footedness,https://www.wikidata.org/entity/Q1843233,2001-02-22,4.93,3.06,3,1
Myles Lewis-Skelly,midfielder,https://www.wikidata.org/entity/Q193592,Arsenal F.C.,https://www.wikidata.org/entity/Q9617,England,https://www.wikidata.org/entity/Q21,left-footedness,https://www.wikidata.org/entity/Q2183543,2006-09-26,0.48,0.16,0,1
Victor Lindelöf,defender,https://www.wikidata.org/entity/Q336286,Manchester United F.C.,https://www.wikidata.org/entity/Q18656,Sweden,https://www.wikidata.org/entity/Q34,right-footedness,https://www.wikidata.org/entity/Q1843233,1994-07-17,0.1,0,0,0
Jesper Lindstrøm,midfielder,https://www.wikidata.org/entity/Q193592,Everton F.C.,https://www.wikidata.org/entity/Q5794,Denmark,https://www.wikidata.org/entity/Q35,right-footedness,https://www.wikidata.org/entity/Q1843233,2000-02-29,1.95,2.12,1,0
Luis Guilherme,forward,https://www.wikidata.org/entity/Q280658,West Ham United F.C.,https://www.wikidata.org/entity/Q18747,Brazil,https://www.wikidata.org/entity/Q155,left-footedness,https://www.wikidata.org/entity/Q2183543,2006-09-02,0.14,0.42,0,0
Mateusz Lis,goalkeeper,https://www.wikidata.org/entity/Q201330,Southampton F.C.,https://www.wikidata.org/entity/Q18732,Poland,https://www.wikidata.org/entity/Q36,right-footedness,https://www.wikidata.org/entity/Q1843233,1997-02-27,0,0,0,0
Tino Livramento,defender,https://www.wikidata.org/entity/Q336286,Newcastle United F.C.,https://www.wikidata.org/entity/Q18716,England,https://www.wikidata.org/entity/Q21,right-footedness,https://www.wikidata.org/entity/Q1843233,2002-12-11,2.68,0.33,1,0
Giovani Lo Celso,midfielder,https://www.wikidata.org/entity/Q193592,Tottenham Hotspur F.C.,https://www.wikidata.org/entity/Q18741,Argentina,https://www.wikidata.org/entity/Q414,left-footedness,https://www.wikidata.org/entity/Q2183543,1996-09-04,0,0,0,0
João Palhinha,midfielder,https://www.wikidata.org/entity/Q193592,Fulham F.C.,https://www.wikidata.org/entity/Q18708,Portugal,https://www.wikidata.org/entity/Q45,right-footedness,https://www.wikidata.org/entity/Q1843233,1995-09-07,0,0,0,0
Pedro Neto,forward,https://www.wikidata.org/entity/Q280658,Chelsea F.C.,https://www.wikidata.org/entity/Q9616,Portugal,https://www.wikidata.org/entity/Q45,left-footedness,https://www.wikidata.org/entity/Q2183543,2000-09-03,4.77,3.5,6,4
Andy Lonergan,goalkeeper,https://www.wikidata.org/entity/Q201330,Everton F.C.,https://www.wikidata.org/entity/Q5794,England,https://www.wikidata.org/entity/Q21,left-footedness,https://www.wikidata.org/entity/Q2183543,1983-10-19,0,0,0,0
Sean Longstaff,midfielder,https://www.wikidata.org/entity/Q193592,Newcastle United F.C.,https://www.wikidata.org/entity/Q18716,England,https://www.wikidata.org/entity/Q21,right-footedness,https://www.wikidata.org/entity/Q1843233,1997-10-30,0.23,0.6,0,0
Jamal Lowe,forward,https://www.wikidata.org/entity/Q280658,AFC Bournemouth,https://www.wikidata.org/entity/Q19568,Jamaica,https://www.wikidata.org/entity/Q766,right-footedness,https://www.wikidata.org/entity/Q1843233,1994-07-21,0,0,0,0
Romelu Lukaku,forward,https://www.wikidata.org/entity/Q280658,Chelsea F.C.,https://www.wikidata.org/entity/Q9616,Belgium,https://www.wikidata.org/entity/Q31,left-footedness,https://www.wikidata.org/entity/Q2183543,1993-05-13,0,0,0,0
Sasa Lukic,midfielder,https://www.wikidata.org/entity/Q193592,Fulham F.C.,https://www.wikidata.org/entity/Q18708,Serbia,https://www.wikidata.org/entity/Q403,right-footedness,https://www.wikidata.org/entity/Q1843233,1996-08-13,1.42,1.16,2,0
Joe Lumley,goalkeeper,https://www.wikidata.org/entity/Q201330,Southampton F.C.,https://www.wikidata.org/entity/Q18732,England,https://www.wikidata.org/entity/Q21,right-footedness,https://www.wikidata.org/entity/Q1843233,1995-02-15,0,0,0,0
Massimo Luongo,midfielder,https://www.wikidata.org/entity/Q193592,Ipswich Town F.C.,https://www.wikidata.org/entity/Q9653,Australia,https://www.wikidata.org/entity/Q408,right-footedness,https://www.wikidata.org/entity/Q1843233,1992-09-25,0.02,0,0,0
Ian Maatsen,defender,https://www.wikidata.org/entity/Q336286,Aston Villa F.C.,https://www.wikidata.org/entity/Q18711,Netherlands,https://www.wikidata.org/entity/Q55,left-footedness,https://www.wikidata.org/entity/Q2183543,2002-10-03,2.43,0.86,2,1
Isaac Mabaya,defender,https://www.wikidata.org/entity/Q336286,Liverpool F.C.,https://www.wikidata.org/entity/Q1130849,Zimbabwe,https://www.wikidata.org/entity/Q954,right-footedness,https://www.wikidata.org/entity/Q1843233,2004-09-22,0,0,0,0
Alexis Mac Allister,midfielder,https://www.wikidata.org/entity/Q193592,Liverpool F.C.,https://www.wikidata.org/entity/Q1130849,Argentina,https://www.wikidata.org/entity/Q414,right-footedness,https://www.wikidata.org/entity/Q1843233,1998-12-24,5.64,2.83,5,5
James Maddison,midfielder,https://www.wikidata.org/entity/Q193592,Tottenham Hotspur F.C.,https://www.wikidata.org/entity/Q18741,England,https://www.wikidata.org/entity/Q21,right-footedness,https://www.wikidata.org/entity/Q1843233,1996-11-23,5.91,5.83,7,9
Noni Madueke,forward,https://www.wikidata.org/entity/Q280658,Chelsea F.C.,https://www.wikidata.org/entity/Q9616,England,https://www.wikidata.org/entity/Q21,left-footedness,https://www.wikidata.org/entity/Q2183543,2002-10-03,3.15,9.64,3,7
Paris Maghoma,midfielder,https://www.wikidata.org/entity/Q193592,Brentford F.C.,https://www.wikidata.org/entity/Q19571,England,https://www.wikidata.org/entity/Q21,right-footedness,https://www.wikidata.org/entity/Q1843233,2001-08-05,0.05,0.12,0,0
Harry Maguire,defender,https://www.wikidata.org/entity/Q336286,Manchester United F.C.,https://www.wikidata.org/entity/Q18656,England,https://www.wikidata.org/entity/Q21,right-footedness,https://www.wikidata.org/entity/Q1843233,1993-05-03,0.26,1.82,0,1
Kobbie Mainoo,midfielder,https://www.wikidata.org/entity/Q193592,Manchester United F.C.,https://www.wikidata.org/entity/Q18656,England,https://www.wikidata.org/entity/Q21,right-footedness,https://www.wikidata.org/entity/Q1843233,2005-04-19,1.79,0.77,0,0
Tyrell Malacia,defender,https://www.wikidata.org/entity/Q336286,Manchester United F.C.,https://www.wikidata.org/entity/Q18656,Netherlands,https://www.wikidata.org/entity/Q55,left-footedness,https://www.wikidata.org/entity/Q2183543,1999-08-17,0.02,0,0,0
Donyell Malen,forward,https://www.wikidata.org/entity/Q280658,Aston Villa F.C.,https://www.wikidata.org/entity/Q18711,Netherlands,https://www.wikidata.org/entity/Q55,right-footedness,https://www.wikidata.org/entity/Q1843233,1999-01-19,0.17,2.17,0,3
José Sá,goalkeeper,https://www.wikidata.org/entity/Q201330,Wolverhampton Wanderers F.C.,https://www.wikidata.org/entity/Q19500,Portugal,https://www.wikidata.org/entity/Q45,right-footedness,https://www.wikidata.org/entity/Q1843233,1993-01-17,0,0,0,0
Orel Mangala,midfielder,https://www.wikidata.org/entity/Q193592,Everton F.C.,https://www.wikidata.org/entity/Q5794,Belgium,https://www.wikidata.org/entity/Q31,right-footedness,https://www.wikidata.org/entity/Q1843233,1998-03-18,0.61,1.12,0,1
Ryan Manning,defender,https://www.wikidata.org/entity/Q336286,Southampton F.C.,https://www.wikidata.org/entity/Q18732,Ireland,https://www.wikidata.org/entity/Q27,right-footedness,https://www.wikidata.org/entity/Q1843233,1996-06-14,2.8,0.35,1,0
Bendito Mantato,midfielder,https://www.wikidata.org/entity/Q193592,Manchester United F.C.,https://www.wikidata.org/entity/Q18656,England,https://www.wikidata.org/entity/Q21,left-footedness,https://www.wikidata.org/entity/Q2183543,2008-01-25,0,0,0,0
Mateus Mané,forward,https://www.wikidata.org/entity/Q280658,Wolverhampton Wanderers F.C.,https://www.wikidata.org/entity/Q19500,England,https://www.wikidata.org/entity/Q21,right-footedness,https://www.wikidata.org/entity/Q1843233,2007-09-16,0,0,0,0
Sékou Mara,forward,https://www.wikidata.org/entity/Q280658,Southampton F.C.,https://www.wikidata.org/entity/Q18732,France,https://www.wikidata.org/entity/Q142,right-footedness,https://www.wikidata.org/entity/Q1843233,2002-07-30,0,0,0,0
Solly March,midfielder,https://www.wikidata.org/entity/Q193592,Brighton & Hove Albion F.C.,https://www.wikidata.org/entity/Q19453,England,https://www.wikidata.org/entity/Q21,left-footedness,https://www.wikidata.org/entity/Q2183543,1994-07-20,0.31,0.09,0,0
Emiliano Marcondes,midfielder,https://www.wikidata.org/entity/Q193592,AFC Bournemouth,https://www.wikidata.org/entity/Q19568,Denmark,https://www.wikidata.org/entity/Q35,right-footedness,https://www.wikidata.org/entity/Q1843233,1995-09-03,0,0,0,0
Omar Marmoush,forward,https://www.wikidata.org/entity/Q280658,Manchester City F.C.,https://www.wikidata.org/entity/Q50602,Egypt,https://www.wikidata.org/entity/Q79,right-footedness,https://www.wikidata.org/entity/Q1843233,1999-07-02,2.12,5.49,0,7
Filip Marschall,goalkeeper,https://www.wikidata.org/entity/Q201330,Aston Villa F.C.,https://www.wikidata.org/entity/Q18711,England,https://www.wikidata.org/entity/Q21,right-footedness,https://www.wikidata.org/entity/Q1843233,2003-04-24,0,0,0,0
Zach Marsh,forward,https://www.wikidata.org/entity/Q280658,Crystal Palace F.C.,https://www.wikidata.org/entity/Q19467,England,https://www.wikidata.org/entity/Q21,right-footedness,https://www.wikidata.org/entity/Q1843233,2005-06-10,0,0,0,0
Callum Marshall,forward,https://www.wikidata.org/entity/Q280658,West Ham United F.C.,https://www.wikidata.org/entity/Q18747,Northern Ireland,https://www.wikidata.org/entity/Q26,left-footedness,https://www.wikidata.org/entity/Q2183543,2004-11-28,0,0,0,0
Anthony Martial,forward,https://www.wikidata.org/entity/Q280658,Manchester United F.C.,https://www.wikidata.org/entity/Q18656,France,https://www.wikidata.org/entity/Q142,n/a,,1995-05-12,0,0,0,0
Gabriel Martinelli,forward,https://www.wikidata.org/entity/Q280658,Arsenal F.C.,https://www.wikidata.org/entity/Q9617,Brazil,https://www.wikidata.org/entity/Q155,right-footedness,https://www.wikidata.org/entity/Q1843233,2001-06-18,4.66,7.41,4,8
Rodrigo Gomes,forward,https://www.wikidata.org/entity/Q280658,Wolverhampton Wanderers F.C.,https://www.wikidata.org/entity/Q19500,Portugal,https://www.wikidata.org/entity/Q45,right-footedness,https://www.wikidata.org/entity/Q1843233,2003-07-07,0,0,0,0
Lisandro Martínez,defender,https://www.wikidata.org/entity/Q336286,Manchester United F.C.,https://www.wikidata.org/entity/Q18656,Argentina,https://www.wikidata.org/entity/Q414,left-footedness,https://www.wikidata.org/entity/Q2183543,1998-01-18,1.28,1.3,1,2
Emiliano Martínez,goalkeeper,https://www.wikidata.org/entity/Q201330,Aston Villa F.C.,https://www.wikidata.org/entity/Q18711,Argentina,https://www.wikidata.org/entity/Q414,right-footedness,https://www.wikidata.org/entity/Q1843233,1992-02-09,0,0,0,0
Wanya Marçal,midfielder,https://www.wikidata.org/entity/Q193592,Leicester City F.C.,https://www.wikidata.org/entity/Q19481,Portugal,https://www.wikidata.org/entity/Q45,right-footedness,https://www.wikidata.org/entity/Q1843233,2002-10-19,0,0,0,0
Tawanda Maswanhise,forward,https://www.wikidata.org/entity/Q280658,Leicester City F.C.,https://www.wikidata.org/entity/Q19481,Zimbabwe,https://www.wikidata.org/entity/Q954,n/a,,2002-11-20,0,0,0,0
Jean-Philippe Mateta,forward,https://www.wikidata.org/entity/Q280658,Crystal Palace F.C.,https://www.wikidata.org/entity/Q19467,France,https://www.wikidata.org/entity/Q142,right-footedness,https://www.wikidata.org/entity/Q1843233,1997-06-28,2.27,13.53,2,14
Sam Mather,midfielder,https://www.wikidata.org/entity/Q193592,Manchester United F.C.,https://www.wikidata.org/entity/Q18656,England,https://www.wikidata.org/entity/Q21,right-footedness,https://www.wikidata.org/entity/Q1843233,2004-03-09,0,0,0,0
Roshaun Mathurin,forward,https://www.wikidata.org/entity/Q280658,Crystal Palace F.C.,https://www.wikidata.org/entity/Q19467,England,https://www.wikidata.org/entity/Q21,n/a,,2004-01-23,0,0,0,0
Joël Matip,defender,https://www.wikidata.org/entity/Q336286,Liverpool F.C.,https://www.wikidata.org/entity/Q1130849,Cameroon,https://www.wikidata.org/entity/Q1009,right-footedness,https://www.wikidata.org/entity/Q1843233,1991-08-08,0,0,0,0
Alex Matos,forward,https://www.wikidata.org/entity/Q280658,Chelsea F.C.,https://www.wikidata.org/entity/Q9616,England,https://www.wikidata.org/entity/Q21,right-footedness,https://www.wikidata.org/entity/Q1843233,2004-03-10,0,0,0,0
Remi Matthews,goalkeeper,https://www.wikidata.org/entity/Q201330,Crystal Palace F.C.,https://www.wikidata.org/entity/Q19467,England,https://www.wikidata.org/entity/Q21,right-footedness,https://www.wikidata.org/entity/Q1843233,1994-10-02,0,0,0,0
Neal Maupay,forward,https://www.wikidata.org/entity/Q280658,Everton F.C.,https://www.wikidata.org/entity/Q5794,France,https://www.wikidata.org/entity/Q142,right-footedness,https://www.wikidata.org/entity/Q1843233,1996-08-14,0,0,0,0
Stephy Mavididi,forward,https://www.wikidata.org/entity/Q280658,Leicester City F.C.,https://www.wikidata.org/entity/Q19481,England,https://www.wikidata.org/entity/Q21,right-footedness,https://www.wikidata.org/entity/Q1843233,1998-05-31,3.26,1.84,1,4
Konstantinos Mavropanos,defender,https://www.wikidata.org/entity/Q336286,West Ham United F.C.,https://www.wikidata.org/entity/Q18747,Greece,https://www.wikidata.org/entity/Q41,right-footedness,https://www.wikidata.org/entity/Q1843233,1997-11-12,0.42,1.54,0,0
Ezra Mayers,defender,https://www.wikidata.org/entity/Q336286,West Ham United F.C.,https://www.wikidata.org/entity/Q18747,England,https://www.wikidata.org/entity/Q21,left-footedness,https://www.wikidata.org/entity/Q2183543,2007-01-16,0,0,0,0
Adrian Mazilu,forward,https://www.wikidata.org/entity/Q280658,Brighton & Hove Albion F.C.,https://www.wikidata.org/entity/Q19453,Romania,https://www.wikidata.org/entity/Q218,left-footedness,https://www.wikidata.org/entity/Q2183543,2005-09-13,0,0,0,0
Noussair Mazraoui,defender,https://www.wikidata.org/entity/Q336286,Manchester United F.C.,https://www.wikidata.org/entity/Q18656,Morocco,https://www.wikidata.org/entity/Q1028,right-footedness,https://www.wikidata.org/entity/Q1843233,1997-11-14,1.87,0.68,1,0
Kevin Mbabu,defender,https://www.wikidata.org/entity/Q336286,Fulham F.C.,https://www.wikidata.org/entity/Q18708,Switzerland,https://www.wikidata.org/entity/Q39,right-footedness,https://www.wikidata.org/entity/Q1843233,1995-04-19,0,0,0,0
Loïc Mbe Soh,defender,https://www.wikidata.org/entity/Q336286,Nottingham Forest F.C.,https://www.wikidata.org/entity/Q19490,France,https://www.wikidata.org/entity/Q142,right-footedness,https://www.wikidata.org/entity/Q1843233,2001-06-13,0,0,0,0
Luke Mbete,defender,https://www.wikidata.org/entity/Q336286,Manchester City F.C.,https://www.wikidata.org/entity/Q50602,England,https://www.wikidata.org/entity/Q21,left-footedness,https://www.wikidata.org/entity/Q2183543,2003-09-18,0,0,0,0
Bryan Mbeumo,midfielder,https://www.wikidata.org/entity/Q193592,Brentford F.C.,https://www.wikidata.org/entity/Q19571,Cameroon,https://www.wikidata.org/entity/Q1009,left-footedness,https://www.wikidata.org/entity/Q2183543,1999-07-08,9.26,12.26,7,20
James McAtee,midfielder,https://www.wikidata.org/entity/Q193592,Manchester City F.C.,https://www.wikidata.org/entity/Q50602,England,https://www.wikidata.org/entity/Q21,left-footedness,https://www.wikidata.org/entity/Q2183543,2002-10-18,0.81,2.8,0,3
Kasey McAteer,midfielder,https://www.wikidata.org/entity/Q193592,Leicester City F.C.,https://www.wikidata.org/entity/Q19481,Ireland,https://www.wikidata.org/entity/Q27,right-footedness,https://www.wikidata.org/entity/Q1843233,2001-11-22,0.63,1.03,1,1
Alex McCarthy,goalkeeper,https://www.wikidata.org/entity/Q201330,Southampton F.C.,https://www.wikidata.org/entity/Q18732,England,https://www.wikidata.org/entity/Q21,right-footedness,https://www.wikidata.org/entity/Q1843233,1989-03-12,0,0,0,0
James McConnell,midfielder,https://www.wikidata.org/entity/Q193592,Liverpool F.C.,https://www.wikidata.org/entity/Q1130849,England,https://www.wikidata.org/entity/Q21,right-footedness,https://www.wikidata.org/entity/Q1843233,2004-09-13,0,0,0,0
Ruairi McConville,defender,https://www.wikidata.org/entity/Q336286,Brighton & Hove Albion F.C.,https://www.wikidata.org/entity/Q19453,Northern Ireland,https://www.wikidata.org/entity/Q26,right-footedness,https://www.wikidata.org/entity/Q1843233,2005-01-05,0,0,0,0
Jamie McDonnell,midfielder,https://www.wikidata.org/entity/Q193592,Nottingham Forest F.C.,https://www.wikidata.org/entity/Q19490,Northern Ireland,https://www.wikidata.org/entity/Q26,n/a,,2004-02-16,0,0,0,0
Tom McGill,goalkeeper,https://www.wikidata.org/entity/Q201330,Brighton & Hove Albion F.C.,https://www.wikidata.org/entity/Q19453,Canada,https://www.wikidata.org/entity/Q16,right-footedness,https://www.wikidata.org/entity/Q1843233,2000-03-25,0,0,0,0
John McGinn,midfielder,https://www.wikidata.org/entity/Q193592,Aston Villa F.C.,https://www.wikidata.org/entity/Q18711,Scotland,https://www.wikidata.org/entity/Q22,left-footedness,https://www.wikidata.org/entity/Q2183543,1994-10-18,2.71,3.13,4,1
Scott McKenna,defender,https://www.wikidata.org/entity/Q336286,Nottingham Forest F.C.,https://www.wikidata.org/entity/Q19490,Scotland,https://www.wikidata.org/entity/Q22,left-footedness,https://www.wikidata.org/entity/Q2183543,1996-12-11,0,0,0,0
Callan McKenna,goalkeeper,https://www.wikidata.org/entity/Q201330,AFC Bournemouth,https://www.wikidata.org/entity/Q19568,Scotland,https://www.wikidata.org/entity/Q22,right-footedness,https://www.wikidata.org/entity/Q1843233,2006-12-22,0,0,0,0
Conor McManus,midfielder,https://www.wikidata.org/entity/Q193592,Brentford F.C.,https://www.wikidata.org/entity/Q19571,Ireland,https://www.wikidata.org/entity/Q27,n/a,,2004-06-16,0,0,0,0
Dwight McNeil,forward,https://www.wikidata.org/entity/Q280658,Everton F.C.,https://www.wikidata.org/entity/Q5794,England,https://www.wikidata.org/entity/Q21,left-footedness,https://www.wikidata.org/entity/Q2183543,1999-11-22,4.32,1.09,6,4
Scott McTominay,midfielder,https://www.wikidata.org/entity/Q193592,Manchester United F.C.,https://www.wikidata.org/entity/Q18656,Scotland,https://www.wikidata.org/entity/Q22,right-footedness,https://www.wikidata.org/entity/Q1843233,1996-08-12,0,0.07,0,0
Dermot Mee,goalkeeper,https://www.wikidata.org/entity/Q201330,Manchester United F.C.,https://www.wikidata.org/entity/Q18656,Northern Ireland,https://www.wikidata.org/entity/Q26,right-footedness,https://www.wikidata.org/entity/Q1843233,2002-11-20,0,0,0,0
Ben Mee,defender,https://www.wikidata.org/entity/Q336286,Brentford F.C.,https://www.wikidata.org/entity/Q19571,England,https://www.wikidata.org/entity/Q21,left-footedness,https://www.wikidata.org/entity/Q2183543,1989-09-21,0.03,0,0,0
Jayden Meghoma,defender,https://www.wikidata.org/entity/Q336286,Brentford F.C.,https://www.wikidata.org/entity/Q19571,England,https://www.wikidata.org/entity/Q21,left-footedness,https://www.wikidata.org/entity/Q2183543,2006-06-28,0,0,0,0
Hannibal Mejbri,midfielder,https://www.wikidata.org/entity/Q193592,Manchester United F.C.,https://www.wikidata.org/entity/Q18656,Tunisia,https://www.wikidata.org/entity/Q948,right-footedness,https://www.wikidata.org/entity/Q1843233,2003-01-21,0,0,0,0
Sam Morsy,midfielder,https://www.wikidata.org/entity/Q193592,Ipswich Town F.C.,https://www.wikidata.org/entity/Q9653,Egypt,https://www.wikidata.org/entity/Q79,right-footedness,https://www.wikidata.org/entity/Q1843233,1991-10-09,1.49,0.44,1,1
Chris Mepham,defender,https://www.wikidata.org/entity/Q336286,AFC Bournemouth,https://www.wikidata.org/entity/Q19568,Wales,https://www.wikidata.org/entity/Q25,right-footedness,https://www.wikidata.org/entity/Q1843233,1997-05-11,0,0,0,0
Mikel Merino,midfielder,https://www.wikidata.org/entity/Q193592,Arsenal F.C.,https://www.wikidata.org/entity/Q9617,Spain,https://www.wikidata.org/entity/Q29,left-footedness,https://www.wikidata.org/entity/Q2183543,1996-06-22,1.18,5.91,2,7
Max Merrick,goalkeeper,https://www.wikidata.org/entity/Q201330,Chelsea F.C.,https://www.wikidata.org/entity/Q9616,England,https://www.wikidata.org/entity/Q21,right-footedness,https://www.wikidata.org/entity/Q1843233,2005-10-11,0,0,0,0
Jenson Metcalfe,midfielder,https://www.wikidata.org/entity/Q193592,Everton F.C.,https://www.wikidata.org/entity/Q5794,England,https://www.wikidata.org/entity/Q21,right-footedness,https://www.wikidata.org/entity/Q1843233,2004-06-09,0,0,0,0
Bastien Meupiyou,defender,https://www.wikidata.org/entity/Q336286,Wolverhampton Wanderers F.C.,https://www.wikidata.org/entity/Q19500,France,https://www.wikidata.org/entity/Q142,left-footedness,https://www.wikidata.org/entity/Q2183543,2006-03-19,0,0,0,0
Stephen Mfuni,defender,https://www.wikidata.org/entity/Q336286,Manchester City F.C.,https://www.wikidata.org/entity/Q50602,England,https://www.wikidata.org/entity/Q21,n/a,,2008-12-02,0,0,0,0
Shumaira Mheuka,forward,https://www.wikidata.org/entity/Q280658,Chelsea F.C.,https://www.wikidata.org/entity/Q9616,England,https://www.wikidata.org/entity/Q21,right-footedness,https://www.wikidata.org/entity/Q1843233,2007-10-20,0,0.06,0,0
Alex Mighten,forward,https://www.wikidata.org/entity/Q280658,Nottingham Forest F.C.,https://www.wikidata.org/entity/Q19490,England,https://www.wikidata.org/entity/Q21,n/a,,2002-11-04,0,0,0,0
Nikola Milenkovic,defender,https://www.wikidata.org/entity/Q336286,Nottingham Forest F.C.,https://www.wikidata.org/entity/Q19490,Serbia,https://www.wikidata.org/entity/Q403,right-footedness,https://www.wikidata.org/entity/Q1843233,1997-12-10,0.54,4.02,2,5
Jamie Miley,midfielder,https://www.wikidata.org/entity/Q193592,Newcastle United F.C.,https://www.wikidata.org/entity/Q18716,England,https://www.wikidata.org/entity/Q21,right-footedness,https://www.wikidata.org/entity/Q1843233,2004-01-14,0,0,0,0
Lewis Miley,midfielder,https://www.wikidata.org/entity/Q193592,Newcastle United F.C.,https://www.wikidata.org/entity/Q18716,England,https://www.wikidata.org/entity/Q21,right-footedness,https://www.wikidata.org/entity/Q1843233,2006-01-05,0.3,0.55,0,1
James Milner,midfielder,https://www.wikidata.org/entity/Q193592,Brighton & Hove Albion F.C.,https://www.wikidata.org/entity/Q19453,England,https://www.wikidata.org/entity/Q21,right-footedness,https://www.wikidata.org/entity/Q1843233,1986-04-01,0.16,0.16,0,0
Tyrone Mings,defender,https://www.wikidata.org/entity/Q336286,Aston Villa F.C.,https://www.wikidata.org/entity/Q18711,England,https://www.wikidata.org/entity/Q21,left-footedness,https://www.wikidata.org/entity/Q2183543,1993-03-13,0.25,0.82,0,0
Yankuba Minteh,forward,https://www.wikidata.org/entity/Q280658,Brighton & Hove Albion F.C.,https://www.wikidata.org/entity/Q19453,The Gambia,https://www.wikidata.org/entity/Q1005,left-footedness,https://www.wikidata.org/entity/Q2183543,2004-07-22,5.02,4.11,4,6
Tyrick Mitchell,defender,https://www.wikidata.org/entity/Q336286,Crystal Palace F.C.,https://www.wikidata.org/entity/Q19467,England,https://www.wikidata.org/entity/Q21,left-footedness,https://www.wikidata.org/entity/Q2183543,1999-01-09,3.71,1.31,5,0
Kaoru Mitoma,midfielder,https://www.wikidata.org/entity/Q193592,Brighton & Hove Albion F.C.,https://www.wikidata.org/entity/Q19453,Japan,https://www.wikidata.org/entity/Q17,right-footedness,https://www.wikidata.org/entity/Q1843233,1997-05-20,4.04,9.16,4,10
Jakub Moder,midfielder,https://www.wikidata.org/entity/Q193592,Brighton & Hove Albion F.C.,https://www.wikidata.org/entity/Q19453,Poland,https://www.wikidata.org/entity/Q36,right-footedness,https://www.wikidata.org/entity/Q1843233,1999-07-04,0.54,0,0,0
Jeremy Monga,midfielder,https://www.wikidata.org/entity/Q193592,Leicester City F.C.,https://www.wikidata.org/entity/Q19481,England,https://www.wikidata.org/entity/Q21,n/a,,2009-10-07,0.02,0.16,0,0
Zane Monlouis,defender,https://www.wikidata.org/entity/Q336286,Arsenal F.C.,https://www.wikidata.org/entity/Q9617,England,https://www.wikidata.org/entity/Q21,n/a,,2003-10-16,0,0,0,0
Gonzalo Montiel,defender,https://www.wikidata.org/entity/Q336286,Nottingham Forest F.C.,https://www.wikidata.org/entity/Q19490,Argentina,https://www.wikidata.org/entity/Q414,right-footedness,https://www.wikidata.org/entity/Q1843233,1997-01-01,0,0,0,0
Bradley Moonan,defender,https://www.wikidata.org/entity/Q336286,Everton F.C.,https://www.wikidata.org/entity/Q5794,England,https://www.wikidata.org/entity/Q21,right-footedness,https://www.wikidata.org/entity/Q1843233,2006-02-04,0,0,0,0
Kieffer Moore,forward,https://www.wikidata.org/entity/Q280658,AFC Bournemouth,https://www.wikidata.org/entity/Q19568,Wales,https://www.wikidata.org/entity/Q25,right-footedness,https://www.wikidata.org/entity/Q1843233,1992-08-08,0,0,0,0
Jayden Moore,defender,https://www.wikidata.org/entity/Q336286,Southampton F.C.,https://www.wikidata.org/entity/Q18732,England,https://www.wikidata.org/entity/Q21,right-footedness,https://www.wikidata.org/entity/Q1843233,2006-12-12,0,0,0,0
Mikey Moore,forward,https://www.wikidata.org/entity/Q280658,Tottenham Hotspur F.C.,https://www.wikidata.org/entity/Q18741,England,https://www.wikidata.org/entity/Q21,right-footedness,https://www.wikidata.org/entity/Q1843233,2007-11-08,0.56,0.2,1,0
Kobei Moore,forward,https://www.wikidata.org/entity/Q280658,Aston Villa F.C.,https://www.wikidata.org/entity/Q18711,England,https://www.wikidata.org/entity/Q21,right-footedness,https://www.wikidata.org/entity/Q1843233,2004-11-30,0,0,0,0
Jack Moorhouse,midfielder,https://www.wikidata.org/entity/Q193592,Manchester United F.C.,https://www.wikidata.org/entity/Q18656,Ireland,https://www.wikidata.org/entity/Q27,two-footedness,https://www.wikidata.org/entity/Q136817382,2005-11-29,0,0,0,0
Andrew Moran,midfielder,https://www.wikidata.org/entity/Q193592,Brighton & Hove Albion F.C.,https://www.wikidata.org/entity/Q19453,Ireland,https://www.wikidata.org/entity/Q27,right-footedness,https://www.wikidata.org/entity/Q1843233,2003-10-15,0,0,0,0
Savinho,forward,https://www.wikidata.org/entity/Q280658,Manchester City F.C.,https://www.wikidata.org/entity/Q50602,Brazil,https://www.wikidata.org/entity/Q155,left-footedness,https://www.wikidata.org/entity/Q2183543,2004-10-04,6.1,5.01,8,1
Álex Moreno,defender,https://www.wikidata.org/entity/Q336286,Nottingham Forest F.C.,https://www.wikidata.org/entity/Q19490,Spain,https://www.wikidata.org/entity/Q29,left-footedness,https://www.wikidata.org/entity/Q2183543,1993-08-06,0,0,1,0
Iwan Morgan,forward,https://www.wikidata.org/entity/Q280658,Brentford F.C.,https://www.wikidata.org/entity/Q19571,Wales,https://www.wikidata.org/entity/Q25,right-footedness,https://www.wikidata.org/entity/Q1843233,2006-01-29,0,0,0,0
Kieran Morrison,midfielder,https://www.wikidata.org/entity/Q193592,Liverpool F.C.,https://www.wikidata.org/entity/Q1130849,Northern Ireland,https://www.wikidata.org/entity/Q26,left-footedness,https://www.wikidata.org/entity/Q2183543,2006-09-11,0,0,0,0
Tyler Morton,midfielder,https://www.wikidata.org/entity/Q193592,Liverpool F.C.,https://www.wikidata.org/entity/Q1130849,England,https://www.wikidata.org/entity/Q21,right-footedness,https://www.wikidata.org/entity/Q1843233,2002-10-31,0,0,0,0
Yerson Mosquera,defender,https://www.wikidata.org/entity/Q336286,Wolverhampton Wanderers F.C.,https://www.wikidata.org/entity/Q19500,Colombia,https://www.wikidata.org/entity/Q739,right-footedness,https://www.wikidata.org/entity/Q1843233,2001-02-05,0.03,0.35,0,0
Bernardo Silva,midfielder,https://www.wikidata.org/entity/Q193592,Manchester City F.C.,https://www.wikidata.org/entity/Q50602,Portugal,https://www.wikidata.org/entity/Q45,left-footedness,https://www.wikidata.org/entity/Q2183543,1994-10-08,4.54,3.9,4,4
Louie Moulden,goalkeeper,https://www.wikidata.org/entity/Q201330,Crystal Palace F.C.,https://www.wikidata.org/entity/Q19467,England,https://www.wikidata.org/entity/Q21,right-footedness,https://www.wikidata.org/entity/Q1843233,2002-06-01,0,0,0,0
Mason Mount,midfielder,https://www.wikidata.org/entity/Q193592,Manchester United F.C.,https://www.wikidata.org/entity/Q18656,England,https://www.wikidata.org/entity/Q21,right-footedness,https://www.wikidata.org/entity/Q1843233,1999-10-01,0.58,3.31,0,1
Fabian Mrozek,goalkeeper,https://www.wikidata.org/entity/Q201330,Liverpool F.C.,https://www.wikidata.org/entity/Q1130849,Poland,https://www.wikidata.org/entity/Q36,n/a,,2003-09-28,0,0,0,0
Divin Mubama,forward,https://www.wikidata.org/entity/Q280658,Manchester City F.C.,https://www.wikidata.org/entity/Q50602,England,https://www.wikidata.org/entity/Q21,left-footedness,https://www.wikidata.org/entity/Q2183543,2004-10-25,0,0.04,0,0
Mykhailo Mudryk,midfielder,https://www.wikidata.org/entity/Q193592,Chelsea F.C.,https://www.wikidata.org/entity/Q9616,Ukraine,https://www.wikidata.org/entity/Q212,right-footedness,https://www.wikidata.org/entity/Q1843233,2001-05-01,0.49,0.25,0,0
Anthony Munda,midfielder,https://www.wikidata.org/entity/Q193592,Newcastle United F.C.,https://www.wikidata.org/entity/Q18716,England,https://www.wikidata.org/entity/Q21,n/a,,2006-08-09,0,0,0,0
Marshall Munetsi,midfielder,https://www.wikidata.org/entity/Q193592,Wolverhampton Wanderers F.C.,https://www.wikidata.org/entity/Q19500,Zimbabwe,https://www.wikidata.org/entity/Q954,right-footedness,https://www.wikidata.org/entity/Q1843233,1996-06-22,1.13,3.3,1,2
Rodrigo Muniz,forward,https://www.wikidata.org/entity/Q280658,Fulham F.C.,https://www.wikidata.org/entity/Q18708,Brazil,https://www.wikidata.org/entity/Q155,right-footedness,https://www.wikidata.org/entity/Q1843233,2001-04-05,0.22,5.81,1,8
Finley Munroe,defender,https://www.wikidata.org/entity/Q336286,Aston Villa F.C.,https://www.wikidata.org/entity/Q18711,England,https://www.wikidata.org/entity/Q21,n/a,,2005-08-02,0,0,0,0
Neto,goalkeeper,https://www.wikidata.org/entity/Q201330,Arsenal F.C.,https://www.wikidata.org/entity/Q9617,Brazil,https://www.wikidata.org/entity/Q155,right-footedness,https://www.wikidata.org/entity/Q1843233,1989-07-19,0,0,0,0
William Murdock,goalkeeper,https://www.wikidata.org/entity/Q201330,Manchester United F.C.,https://www.wikidata.org/entity/Q18656,Northern Ireland,https://www.wikidata.org/entity/Q26,two-footedness,https://www.wikidata.org/entity/Q136817382,2007-05-26,0,0,0,0
Arijanet Muric,goalkeeper,https://www.wikidata.org/entity/Q201330,Ipswich Town F.C.,https://www.wikidata.org/entity/Q9653,Kosovo,https://www.wikidata.org/entity/Q1246,right-footedness,https://www.wikidata.org/entity/Q1843233,1998-07-11,0,0,0,0
Jacob Murphy,midfielder,https://www.wikidata.org/entity/Q193592,Newcastle United F.C.,https://www.wikidata.org/entity/Q18716,England,https://www.wikidata.org/entity/Q21,right-footedness,https://www.wikidata.org/entity/Q1843233,1995-02-24,6.15,5.72,12,8
Alex Murphy,defender,https://www.wikidata.org/entity/Q336286,Newcastle United F.C.,https://www.wikidata.org/entity/Q18716,Ireland,https://www.wikidata.org/entity/Q27,left-footedness,https://www.wikidata.org/entity/Q2183543,2004-06-25,0,0,0,0
Sam Murray,defender,https://www.wikidata.org/entity/Q336286,Manchester United F.C.,https://www.wikidata.org/entity/Q18656,England,https://www.wikidata.org/entity/Q21,left-footedness,https://www.wikidata.org/entity/Q2183543,2004-09-25,0,0,0,0
Harrison Murray-Campbell,defender,https://www.wikidata.org/entity/Q336286,Chelsea F.C.,https://www.wikidata.org/entity/Q9616,England,https://www.wikidata.org/entity/Q21,right-footedness,https://www.wikidata.org/entity/Q1843233,2006-04-08,0,0,0,0
Mateusz Musialowski,forward,https://www.wikidata.org/entity/Q280658,Liverpool F.C.,https://www.wikidata.org/entity/Q1130849,Poland,https://www.wikidata.org/entity/Q36,n/a,,2003-10-16,0,0,0,0
Hindolo Mustapha,midfielder,https://www.wikidata.org/entity/Q193592,Crystal Palace F.C.,https://www.wikidata.org/entity/Q19467,Sierra Leone,https://www.wikidata.org/entity/Q1044,n/a,,2006-07-29,0,0,0,0
Daniel Muñoz,defender,https://www.wikidata.org/entity/Q336286,Crystal Palace F.C.,https://www.wikidata.org/entity/Q19467,Colombia,https://www.wikidata.org/entity/Q739,right-footedness,https://www.wikidata.org/entity/Q1843233,1996-05-26,3.57,4.93,5,4
Vitalii Mykolenko,defender,https://www.wikidata.org/entity/Q336286,Everton F.C.,https://www.wikidata.org/entity/Q5794,Ukraine,https://www.wikidata.org/entity/Q212,left-footedness,https://www.wikidata.org/entity/Q2183543,1999-05-29,2.21,0.49,2,1
Amara Nallo,defender,https://www.wikidata.org/entity/Q336286,Liverpool F.C.,https://www.wikidata.org/entity/Q1130849,England,https://www.wikidata.org/entity/Q21,two-footedness,https://www.wikidata.org/entity/Q136817382,2006-11-18,0,0,0,0
Igor Thiago,forward,https://www.wikidata.org/entity/Q280658,Brentford F.C.,https://www.wikidata.org/entity/Q19571,Brazil,https://www.wikidata.org/entity/Q155,right-footedness,https://www.wikidata.org/entity/Q1843233,2001-06-26,0.04,0.13,0,0
Andrey Santos,midfielder,https://www.wikidata.org/entity/Q193592,Chelsea F.C.,https://www.wikidata.org/entity/Q9616,Brazil,https://www.wikidata.org/entity/Q155,right-footedness,https://www.wikidata.org/entity/Q1843233,2004-03-05,0,0,0,0
Corrie Ndaba,defender,https://www.wikidata.org/entity/Q336286,Ipswich Town F.C.,https://www.wikidata.org/entity/Q9653,England,https://www.wikidata.org/entity/Q21,n/a,,1999-12-25,0,0,0,0
Joel Ndala,forward,https://www.wikidata.org/entity/Q280658,Nottingham Forest F.C.,https://www.wikidata.org/entity/Q19490,England,https://www.wikidata.org/entity/Q21,right-footedness,https://www.wikidata.org/entity/Q1843233,2006-05-31,0,0,0,0
Iliman Ndiaye,forward,https://www.wikidata.org/entity/Q280658,Everton F.C.,https://www.wikidata.org/entity/Q5794,Senegal,https://www.wikidata.org/entity/Q1041,right-footedness,https://www.wikidata.org/entity/Q1843233,2000-06-03,0,0,0,0
Wilfred Ndidi,midfielder,https://www.wikidata.org/entity/Q193592,Leicester City F.C.,https://www.wikidata.org/entity/Q19481,Nigeria,https://www.wikidata.org/entity/Q1033,right-footedness,https://www.wikidata.org/entity/Q1843233,1996-12-16,1.51,2.01,5,0
Michael Ndiweni,forward,https://www.wikidata.org/entity/Q280658,Newcastle United F.C.,https://www.wikidata.org/entity/Q18716,England,https://www.wikidata.org/entity/Q21,right-footedness,https://www.wikidata.org/entity/Q1843233,2003-02-12,0,0,0,0
Tanguy Ndombélé,midfielder,https://www.wikidata.org/entity/Q193592,Tottenham Hotspur F.C.,https://www.wikidata.org/entity/Q18741,France,https://www.wikidata.org/entity/Q142,right-footedness,https://www.wikidata.org/entity/Q1843233,1996-12-28,0,0,0,0
Sean Neave,forward,https://www.wikidata.org/entity/Q280658,Newcastle United F.C.,https://www.wikidata.org/entity/Q18716,England,https://www.wikidata.org/entity/Q21,n/a,,2007-05-27,0,0,0,0
Kosta Nedeljkovic,defender,https://www.wikidata.org/entity/Q336286,Aston Villa F.C.,https://www.wikidata.org/entity/Q18711,Serbia,https://www.wikidata.org/entity/Q403,right-footedness,https://www.wikidata.org/entity/Q1843233,2005-12-16,0.02,0,0,0
Reiss Nelson,forward,https://www.wikidata.org/entity/Q280658,Fulham F.C.,https://www.wikidata.org/entity/Q18708,England,https://www.wikidata.org/entity/Q21,right-footedness,https://www.wikidata.org/entity/Q1843233,1999-10-12,0.97,1.1,1,1
Ben Nelson,defender,https://www.wikidata.org/entity/Q336286,Leicester City F.C.,https://www.wikidata.org/entity/Q19481,England,https://www.wikidata.org/entity/Q21,right-footedness,https://www.wikidata.org/entity/Q1843233,2004-03-18,0,0,0,0
João Virgínia,goalkeeper,https://www.wikidata.org/entity/Q201330,Everton F.C.,https://www.wikidata.org/entity/Q5794,Portugal,https://www.wikidata.org/entity/Q45,left-footedness,https://www.wikidata.org/entity/Q2183543,1999-10-10,0,0,0,0
Rio Ngumoha,forward,https://www.wikidata.org/entity/Q280658,Liverpool F.C.,https://www.wikidata.org/entity/Q1130849,England,https://www.wikidata.org/entity/Q21,right-footedness,https://www.wikidata.org/entity/Q1843233,2008-08-29,0,0,0,0
Moussa Niakhaté,defender,https://www.wikidata.org/entity/Q336286,Nottingham Forest F.C.,https://www.wikidata.org/entity/Q19490,Senegal,https://www.wikidata.org/entity/Q1041,left-footedness,https://www.wikidata.org/entity/Q2183543,1996-08-03,0,0,0,0
Josh Nichols,defender,https://www.wikidata.org/entity/Q336286,Arsenal F.C.,https://www.wikidata.org/entity/Q9617,England,https://www.wikidata.org/entity/Q21,right-footedness,https://www.wikidata.org/entity/Q1843233,2006-07-26,0,0,0,0
Eddie Nketiah,forward,https://www.wikidata.org/entity/Q280658,Crystal Palace F.C.,https://www.wikidata.org/entity/Q19467,England,https://www.wikidata.org/entity/Q21,right-footedness,https://www.wikidata.org/entity/Q1843233,1999-05-30,0.87,5.74,1,3
Christopher Nkunku,forward,https://www.wikidata.org/entity/Q280658,Chelsea F.C.,https://www.wikidata.org/entity/Q9616,France,https://www.wikidata.org/entity/Q142,right-footedness,https://www.wikidata.org/entity/Q1843233,1997-11-14,1,4.83,2,3
James Norris,defender,https://www.wikidata.org/entity/Q336286,Liverpool F.C.,https://www.wikidata.org/entity/Q1130849,England,https://www.wikidata.org/entity/Q21,n/a,,2003-04-04,0,0,0,0
Aniek Nouwen,defender,https://www.wikidata.org/entity/Q336286,Crystal Palace F.C.,https://www.wikidata.org/entity/Q19467,Netherlands,https://www.wikidata.org/entity/Q55,right-footedness,https://www.wikidata.org/entity/Q1843233,1999-09-03,0,0,0,0
Matheus Nunes,midfielder,https://www.wikidata.org/entity/Q193592,Manchester City F.C.,https://www.wikidata.org/entity/Q50602,Portugal,https://www.wikidata.org/entity/Q45,right-footedness,https://www.wikidata.org/entity/Q1843233,1998-08-27,3.32,1.22,6,1
Gustavo Nunes,forward,https://www.wikidata.org/entity/Q280658,Brentford F.C.,https://www.wikidata.org/entity/Q19571,Brazil,https://www.wikidata.org/entity/Q155,right-footedness,https://www.wikidata.org/entity/Q1843233,2005-11-20,0,0,0,0
Ethan Nwaneri,midfielder,https://www.wikidata.org/entity/Q193592,Arsenal F.C.,https://www.wikidata.org/entity/Q9617,England,https://www.wikidata.org/entity/Q21,left-footedness,https://www.wikidata.org/entity/Q2183543,2007-03-21,1.79,1.18,2,4
Lucas Nygaard,goalkeeper,https://www.wikidata.org/entity/Q201330,Arsenal F.C.,https://www.wikidata.org/entity/Q9617,Denmark,https://www.wikidata.org/entity/Q35,n/a,,2006-06-26,0,0,0,0
Treymaurice Nyoni,midfielder,https://www.wikidata.org/entity/Q193592,Liverpool F.C.,https://www.wikidata.org/entity/Q1130849,England,https://www.wikidata.org/entity/Q21,right-footedness,https://www.wikidata.org/entity/Q1843233,2007-06-30,0,0,0,0
Christian Nørgaard,midfielder,https://www.wikidata.org/entity/Q193592,Brentford F.C.,https://www.wikidata.org/entity/Q19571,Denmark,https://www.wikidata.org/entity/Q35,right-footedness,https://www.wikidata.org/entity/Q1843233,1994-10-03,1.37,4.36,4,5
Darwin Núñez,forward,https://www.wikidata.org/entity/Q280658,Liverpool F.C.,https://www.wikidata.org/entity/Q1130849,Uruguay,https://www.wikidata.org/entity/Q77,right-footedness,https://www.wikidata.org/entity/Q1843233,1999-06-24,0.52,5.71,2,5
Lewis O'Brien,midfielder,https://www.wikidata.org/entity/Q193592,Nottingham Forest F.C.,https://www.wikidata.org/entity/Q19490,England,https://www.wikidata.org/entity/Q21,left-footedness,https://www.wikidata.org/entity/Q2183543,1998-10-14,0,0,0,0
Jake O'Brien,defender,https://www.wikidata.org/entity/Q336286,Everton F.C.,https://www.wikidata.org/entity/Q5794,Ireland,https://www.wikidata.org/entity/Q27,right-footedness,https://www.wikidata.org/entity/Q1843233,2001-05-15,0.32,0.78,0,2
Joseph O'Brien-Whitmarsh,midfielder,https://www.wikidata.org/entity/Q193592,Southampton F.C.,https://www.wikidata.org/entity/Q18732,Ireland,https://www.wikidata.org/entity/Q27,right-footedness,https://www.wikidata.org/entity/Q1843233,2005-11-05,0,0,0,0
Nico O'Reilly,midfielder,https://www.wikidata.org/entity/Q193592,Manchester City F.C.,https://www.wikidata.org/entity/Q50602,England,https://www.wikidata.org/entity/Q21,left-footedness,https://www.wikidata.org/entity/Q2183543,2005-03-21,0.68,1.29,0,2
Matt O'Riley,midfielder,https://www.wikidata.org/entity/Q193592,Brighton & Hove Albion F.C.,https://www.wikidata.org/entity/Q19453,Denmark,https://www.wikidata.org/entity/Q35,left-footedness,https://www.wikidata.org/entity/Q2183543,2000-11-21,1.97,2.82,2,2
Dara O'Shea,defender,https://www.wikidata.org/entity/Q336286,Ipswich Town F.C.,https://www.wikidata.org/entity/Q9653,Ireland,https://www.wikidata.org/entity/Q27,right-footedness,https://www.wikidata.org/entity/Q1843233,1999-04-03,0.69,1.27,2,0
Chido Obi,forward,https://www.wikidata.org/entity/Q280658,Manchester United F.C.,https://www.wikidata.org/entity/Q18656,Denmark,https://www.wikidata.org/entity/Q35,right-footedness,https://www.wikidata.org/entity/Q1843233,2007-11-29,0.03,0.66,0,0
Justin Oboavwoduo,forward,https://www.wikidata.org/entity/Q280658,Manchester City F.C.,https://www.wikidata.org/entity/Q50602,England,https://www.wikidata.org/entity/Q21,right-footedness,https://www.wikidata.org/entity/Q1843233,2006-08-23,0,0,0,0
Wilson Odobert,forward,https://www.wikidata.org/entity/Q280658,Tottenham Hotspur F.C.,https://www.wikidata.org/entity/Q18741,France,https://www.wikidata.org/entity/Q142,right-footedness,https://www.wikidata.org/entity/Q1843233,2004-11-28,0.76,1.61,0,1
Odeluga Offiah,defender,https://www.wikidata.org/entity/Q336286,Brighton & Hove Albion F.C.,https://www.wikidata.org/entity/Q19453,England,https://www.wikidata.org/entity/Q21,right-footedness,https://www.wikidata.org/entity/Q1843233,2002-10-26,0,0,0,0
Chiedozie Ogbene,forward,https://www.wikidata.org/entity/Q280658,Ipswich Town F.C.,https://www.wikidata.org/entity/Q9653,Ireland,https://www.wikidata.org/entity/Q27,right-footedness,https://www.wikidata.org/entity/Q1843233,1997-01-05,0.05,0,0,0
Angelo Ogbonna,defender,https://www.wikidata.org/entity/Q336286,West Ham United F.C.,https://www.wikidata.org/entity/Q18747,Italy,https://www.wikidata.org/entity/Q38,left-footedness,https://www.wikidata.org/entity/Q2183543,1988-05-23,0,0,0,0
Habeeb Ogunneye,defender,https://www.wikidata.org/entity/Q336286,Manchester United F.C.,https://www.wikidata.org/entity/Q18656,England,https://www.wikidata.org/entity/Q21,right-footedness,https://www.wikidata.org/entity/Q1843233,2005-12-11,0,0,0,0
Temple Ojinnaka,midfielder,https://www.wikidata.org/entity/Q193592,Wolverhampton Wanderers F.C.,https://www.wikidata.org/entity/Q19500,Italy,https://www.wikidata.org/entity/Q38,n/a,,2005-03-30,0,0,0,0
Wes Okoduwa,defender,https://www.wikidata.org/entity/Q336286,Wolverhampton Wanderers F.C.,https://www.wikidata.org/entity/Q19500,England,https://www.wikidata.org/entity/Q21,right-footedness,https://www.wikidata.org/entity/Q1843233,2008-12-05,0,0,0,0
Caleb Okoli,defender,https://www.wikidata.org/entity/Q336286,Leicester City F.C.,https://www.wikidata.org/entity/Q19481,Italy,https://www.wikidata.org/entity/Q38,right-footedness,https://www.wikidata.org/entity/Q1843233,2001-07-13,0.18,0.62,0,1
Arthur Okonkwo,goalkeeper,https://www.wikidata.org/entity/Q201330,Arsenal F.C.,https://www.wikidata.org/entity/Q9617,England,https://www.wikidata.org/entity/Q21,right-footedness,https://www.wikidata.org/entity/Q1843233,2001-09-09,0,0,0,0
Michael Olakigbe,forward,https://www.wikidata.org/entity/Q280658,Brentford F.C.,https://www.wikidata.org/entity/Q19571,England,https://www.wikidata.org/entity/Q21,n/a,,2004-04-25,0,0,0,0
Michael Olise,midfielder,https://www.wikidata.org/entity/Q193592,Crystal Palace F.C.,https://www.wikidata.org/entity/Q19467,France,https://www.wikidata.org/entity/Q142,left-footedness,https://www.wikidata.org/entity/Q2183543,2001-12-12,0,0,0,0
Richard Olise,defender,https://www.wikidata.org/entity/Q336286,Chelsea F.C.,https://www.wikidata.org/entity/Q9616,England,https://www.wikidata.org/entity/Q21,right-footedness,https://www.wikidata.org/entity/Q1843233,2004-09-09,0,0,0,0
Marquinhos,forward,https://www.wikidata.org/entity/Q280658,Arsenal F.C.,https://www.wikidata.org/entity/Q9617,Brazil,https://www.wikidata.org/entity/Q155,left-footedness,https://www.wikidata.org/entity/Q2183543,2003-07-04,0,0,0,0
Robin Olsen,goalkeeper,https://www.wikidata.org/entity/Q201330,Aston Villa F.C.,https://www.wikidata.org/entity/Q18711,Sweden,https://www.wikidata.org/entity/Q34,right-footedness,https://www.wikidata.org/entity/Q1843233,1990-08-01,0,0,0,0
Callum Olusesi,midfielder,https://www.wikidata.org/entity/Q193592,Tottenham Hotspur F.C.,https://www.wikidata.org/entity/Q18741,England,https://www.wikidata.org/entity/Q21,right-footedness,https://www.wikidata.org/entity/Q1843233,2007-11-03,0,0,0,0
Andrew Omobamidele,defender,https://www.wikidata.org/entity/Q336286,Nottingham Forest F.C.,https://www.wikidata.org/entity/Q19490,Ireland,https://www.wikidata.org/entity/Q27,right-footedness,https://www.wikidata.org/entity/Q1843233,2002-06-23,0,0,0,0
André Onana,goalkeeper,https://www.wikidata.org/entity/Q201330,Manchester United F.C.,https://www.wikidata.org/entity/Q18656,Cameroon,https://www.wikidata.org/entity/Q1009,right-footedness,https://www.wikidata.org/entity/Q1843233,1996-02-04,0,0,0,0
Amadou Onana,midfielder,https://www.wikidata.org/entity/Q193592,Aston Villa F.C.,https://www.wikidata.org/entity/Q18711,Belgium,https://www.wikidata.org/entity/Q31,right-footedness,https://www.wikidata.org/entity/Q1843233,2001-08-16,0.84,2.12,0,3
Paul Onuachu,forward,https://www.wikidata.org/entity/Q280658,Southampton F.C.,https://www.wikidata.org/entity/Q18732,Nigeria,https://www.wikidata.org/entity/Q1033,right-footedness,https://www.wikidata.org/entity/Q1843233,1994-05-28,0.28,3.62,1,4
Tyler Onyango,midfielder,https://www.wikidata.org/entity/Q193592,Everton F.C.,https://www.wikidata.org/entity/Q5794,England,https://www.wikidata.org/entity/Q21,right-footedness,https://www.wikidata.org/entity/Q1843233,2003-04-03,0,0,0,0
Frank Onyeka,midfielder,https://www.wikidata.org/entity/Q193592,Brentford F.C.,https://www.wikidata.org/entity/Q19571,Nigeria,https://www.wikidata.org/entity/Q1033,right-footedness,https://www.wikidata.org/entity/Q1843233,1998-01-01,0.02,0,0,0
Lewis Orford,midfielder,https://www.wikidata.org/entity/Q193592,West Ham United F.C.,https://www.wikidata.org/entity/Q18747,England,https://www.wikidata.org/entity/Q21,right-footedness,https://www.wikidata.org/entity/Q1843233,2006-02-18,0.04,0.03,0,0
Divock Origi,forward,https://www.wikidata.org/entity/Q280658,Nottingham Forest F.C.,https://www.wikidata.org/entity/Q19490,Belgium,https://www.wikidata.org/entity/Q31,two-footedness,https://www.wikidata.org/entity/Q136817382,1995-04-18,0,0,0,0
Stefan Ortega,goalkeeper,https://www.wikidata.org/entity/Q201330,Manchester City F.C.,https://www.wikidata.org/entity/Q50602,Germany,https://www.wikidata.org/entity/Q183,right-footedness,https://www.wikidata.org/entity/Q1843233,1992-06-11,0,0,0,0
Ibrahim Osman,forward,https://www.wikidata.org/entity/Q280658,Brighton & Hove Albion F.C.,https://www.wikidata.org/entity/Q19453,Ghana,https://www.wikidata.org/entity/Q117,right-footedness,https://www.wikidata.org/entity/Q1843233,2004-11-29,0,0,0,0
Esapa Osong,forward,https://www.wikidata.org/entity/Q280658,Nottingham Forest F.C.,https://www.wikidata.org/entity/Q19490,England,https://www.wikidata.org/entity/Q21,n/a,,2004-09-21,0,0,0,0
William Osula,forward,https://www.wikidata.org/entity/Q280658,Newcastle United F.C.,https://www.wikidata.org/entity/Q18716,Denmark,https://www.wikidata.org/entity/Q35,right-footedness,https://www.wikidata.org/entity/Q1843233,2003-04-08,0.06,0.16,0,1
Dango Ouattara,forward,https://www.wikidata.org/entity/Q280658,AFC Bournemouth,https://www.wikidata.org/entity/Q19568,Burkina Faso,https://www.wikidata.org/entity/Q965,left-footedness,https://www.wikidata.org/entity/Q2183543,2002-11-02,3.29,8.36,4,7
Salah-Eddine Oulad M'hand,midfielder,https://www.wikidata.org/entity/Q193592,Arsenal F.C.,https://www.wikidata.org/entity/Q9617,Netherlands,https://www.wikidata.org/entity/Q55,right-footedness,https://www.wikidata.org/entity/Q1843233,2003-08-20,0,0,0,0
Riley Owen,midfielder,https://www.wikidata.org/entity/Q193592,Brentford F.C.,https://www.wikidata.org/entity/Q19571,England,https://www.wikidata.org/entity/Q21,n/a,,2005-08-24,0,0,0,0
Maxi Oyedele,midfielder,https://www.wikidata.org/entity/Q193592,Manchester United F.C.,https://www.wikidata.org/entity/Q18656,Poland,https://www.wikidata.org/entity/Q36,right-footedness,https://www.wikidata.org/entity/Q1843233,2004-07-11,0,0,0,0
David Ozoh,midfielder,https://www.wikidata.org/entity/Q193592,Crystal Palace F.C.,https://www.wikidata.org/entity/Q19467,England,https://www.wikidata.org/entity/Q21,right-footedness,https://www.wikidata.org/entity/Q1843233,2005-06-05,0,0,0,0
Mark O’Mahony,forward,https://www.wikidata.org/entity/Q280658,Brighton & Hove Albion F.C.,https://www.wikidata.org/entity/Q19453,Ireland,https://www.wikidata.org/entity/Q27,right-footedness,https://www.wikidata.org/entity/Q1843233,2005-01-14,0,0,0,0
Renato Veiga,midfielder,https://www.wikidata.org/entity/Q193592,Chelsea F.C.,https://www.wikidata.org/entity/Q9616,Portugal,https://www.wikidata.org/entity/Q45,left-footedness,https://www.wikidata.org/entity/Q2183543,2003-07-29,0.16,0.15,0,0
Alex Palmer,goalkeeper,https://www.wikidata.org/entity/Q201330,Ipswich Town F.C.,https://www.wikidata.org/entity/Q9653,England,https://www.wikidata.org/entity/Q21,right-footedness,https://www.wikidata.org/entity/Q1843233,1996-10-08,0,0,0,0
Cole Palmer,midfielder,https://www.wikidata.org/entity/Q193592,Chelsea F.C.,https://www.wikidata.org/entity/Q9616,England,https://www.wikidata.org/entity/Q21,left-footedness,https://www.wikidata.org/entity/Q2183543,2002-06-05,9.14,17.28,8,15
Emerson,defender,https://www.wikidata.org/entity/Q336286,West Ham United F.C.,https://www.wikidata.org/entity/Q18747,Italy,https://www.wikidata.org/entity/Q38,left-footedness,https://www.wikidata.org/entity/Q2183543,1994-03-08,2.18,1.95,1,2
Jonathan Panzo,defender,https://www.wikidata.org/entity/Q336286,Nottingham Forest F.C.,https://www.wikidata.org/entity/Q19490,England,https://www.wikidata.org/entity/Q21,left-footedness,https://www.wikidata.org/entity/Q2183543,2000-10-25,0,0,0,0
Ben Parkinson,forward,https://www.wikidata.org/entity/Q280658,Newcastle United F.C.,https://www.wikidata.org/entity/Q18716,England,https://www.wikidata.org/entity/Q21,right-footedness,https://www.wikidata.org/entity/Q1843233,2005-10-03,0,0,0,0
Thomas Partey,midfielder,https://www.wikidata.org/entity/Q193592,Arsenal F.C.,https://www.wikidata.org/entity/Q9617,Ghana,https://www.wikidata.org/entity/Q117,right-footedness,https://www.wikidata.org/entity/Q1843233,1993-06-13,2.62,2.29,2,4
Nathan Patterson,defender,https://www.wikidata.org/entity/Q336286,Everton F.C.,https://www.wikidata.org/entity/Q5794,Scotland,https://www.wikidata.org/entity/Q22,right-footedness,https://www.wikidata.org/entity/Q1843233,2001-10-16,0.38,0.07,1,0
Travis Patterson,defender,https://www.wikidata.org/entity/Q336286,Aston Villa F.C.,https://www.wikidata.org/entity/Q18711,England,https://www.wikidata.org/entity/Q21,right-footedness,https://www.wikidata.org/entity/Q1843233,2005-06-10,0,0,0,0
Alex Paulsen,goalkeeper,https://www.wikidata.org/entity/Q201330,AFC Bournemouth,https://www.wikidata.org/entity/Q19568,New Zealand,https://www.wikidata.org/entity/Q664,right-footedness,https://www.wikidata.org/entity/Q1843233,2002-04-07,0,0,0,0
Myles Peart-Harris,midfielder,https://www.wikidata.org/entity/Q193592,Brentford F.C.,https://www.wikidata.org/entity/Q19571,England,https://www.wikidata.org/entity/Q21,right-footedness,https://www.wikidata.org/entity/Q1843233,2002-09-18,0,0,0,0
Facundo Pellistri,midfielder,https://www.wikidata.org/entity/Q193592,Manchester United F.C.,https://www.wikidata.org/entity/Q18656,Uruguay,https://www.wikidata.org/entity/Q77,right-footedness,https://www.wikidata.org/entity/Q1843233,2001-12-20,0,0,0,0
Mike Penders,goalkeeper,https://www.wikidata.org/entity/Q201330,Chelsea F.C.,https://www.wikidata.org/entity/Q9616,Belgium,https://www.wikidata.org/entity/Q31,left-footedness,https://www.wikidata.org/entity/Q2183543,2005-07-31,0,0,0,0
Panutche Camará,midfielder,https://www.wikidata.org/entity/Q193592,Ipswich Town F.C.,https://www.wikidata.org/entity/Q9653,Guinea-Bissau,https://www.wikidata.org/entity/Q1007,n/a,,1997-02-28,0,0,0,0
Ivan Perisic,midfielder,https://www.wikidata.org/entity/Q193592,Tottenham Hotspur F.C.,https://www.wikidata.org/entity/Q18741,Croatia,https://www.wikidata.org/entity/Q224,two-footedness,https://www.wikidata.org/entity/Q136817382,1989-02-02,0,0,0,0
Máximo Perrone,midfielder,https://www.wikidata.org/entity/Q193592,Manchester City F.C.,https://www.wikidata.org/entity/Q50602,Argentina,https://www.wikidata.org/entity/Q414,left-footedness,https://www.wikidata.org/entity/Q2183543,2003-07-01,0,0,0,0
Ben Perry,midfielder,https://www.wikidata.org/entity/Q193592,Nottingham Forest F.C.,https://www.wikidata.org/entity/Q19490,England,https://www.wikidata.org/entity/Q21,right-footedness,https://www.wikidata.org/entity/Q1843233,2004-11-10,0,0,0,0
Djordje Petrovic,goalkeeper,https://www.wikidata.org/entity/Q201330,Chelsea F.C.,https://www.wikidata.org/entity/Q9616,Serbia,https://www.wikidata.org/entity/Q403,right-footedness,https://www.wikidata.org/entity/Q1843233,1999-08-10,0,0,0,0
Cameron Peupion,midfielder,https://www.wikidata.org/entity/Q193592,Brighton & Hove Albion F.C.,https://www.wikidata.org/entity/Q19453,Australia,https://www.wikidata.org/entity/Q408,right-footedness,https://www.wikidata.org/entity/Q1843233,2002-09-23,0,0,0,0
Kalvin Phillips,midfielder,https://www.wikidata.org/entity/Q193592,Ipswich Town F.C.,https://www.wikidata.org/entity/Q9653,England,https://www.wikidata.org/entity/Q21,right-footedness,https://www.wikidata.org/entity/Q1843233,1995-02-12,0.48,0.43,0,0
Nathaniel Phillips,defender,https://www.wikidata.org/entity/Q336286,Liverpool F.C.,https://www.wikidata.org/entity/Q1130849,England,https://www.wikidata.org/entity/Q21,right-footedness,https://www.wikidata.org/entity/Q1843233,1997-03-21,0,0,0,0
Killian Phillips,midfielder,https://www.wikidata.org/entity/Q193592,Crystal Palace F.C.,https://www.wikidata.org/entity/Q19467,Ireland,https://www.wikidata.org/entity/Q27,n/a,,2002-03-30,0,0,0,0
Ashley Phillips,defender,https://www.wikidata.org/entity/Q336286,Tottenham Hotspur F.C.,https://www.wikidata.org/entity/Q18741,England,https://www.wikidata.org/entity/Q21,right-footedness,https://www.wikidata.org/entity/Q1843233,2005-06-26,0,0,0,0
Jaden Philogene,forward,https://www.wikidata.org/entity/Q280658,Ipswich Town F.C.,https://www.wikidata.org/entity/Q9653,England,https://www.wikidata.org/entity/Q21,right-footedness,https://www.wikidata.org/entity/Q1843233,2002-08-02,0.17,0.47,0,2
Jordan Pickford,goalkeeper,https://www.wikidata.org/entity/Q201330,Everton F.C.,https://www.wikidata.org/entity/Q5794,England,https://www.wikidata.org/entity/Q21,left-footedness,https://www.wikidata.org/entity/Q2183543,1994-07-03,0,0,1,0
Ethan Pinnock,defender,https://www.wikidata.org/entity/Q336286,Brentford F.C.,https://www.wikidata.org/entity/Q19571,Jamaica,https://www.wikidata.org/entity/Q766,left-footedness,https://www.wikidata.org/entity/Q2183543,1993-05-29,0.65,1.09,0,2
Cameron Plain,goalkeeper,https://www.wikidata.org/entity/Q201330,AFC Bournemouth,https://www.wikidata.org/entity/Q19568,England,https://www.wikidata.org/entity/Q21,n/a,,2001-09-24,0,0,0,0
Luke Plange,forward,https://www.wikidata.org/entity/Q280658,Crystal Palace F.C.,https://www.wikidata.org/entity/Q19467,England,https://www.wikidata.org/entity/Q21,right-footedness,https://www.wikidata.org/entity/Q1843233,2002-04-11,0,0,0,0
Alfie Pond,defender,https://www.wikidata.org/entity/Q336286,Wolverhampton Wanderers F.C.,https://www.wikidata.org/entity/Q19500,England,https://www.wikidata.org/entity/Q21,right-footedness,https://www.wikidata.org/entity/Q1843233,2004-01-03,0,0,0,0
Nick Pope,goalkeeper,https://www.wikidata.org/entity/Q201330,Newcastle United F.C.,https://www.wikidata.org/entity/Q18716,England,https://www.wikidata.org/entity/Q21,right-footedness,https://www.wikidata.org/entity/Q1843233,1992-04-19,0,0,0,0
Chris Popov,midfielder,https://www.wikidata.org/entity/Q193592,Leicester City F.C.,https://www.wikidata.org/entity/Q19481,Wales,https://www.wikidata.org/entity/Q25,left-footedness,https://www.wikidata.org/entity/Q2183543,2004-10-26,0,0,0,0
Pedro Porro,defender,https://www.wikidata.org/entity/Q336286,Tottenham Hotspur F.C.,https://www.wikidata.org/entity/Q18741,Spain,https://www.wikidata.org/entity/Q29,right-footedness,https://www.wikidata.org/entity/Q1843233,1999-09-13,4.64,1.6,6,2
Jack Porter,goalkeeper,https://www.wikidata.org/entity/Q201330,Arsenal F.C.,https://www.wikidata.org/entity/Q9617,England,https://www.wikidata.org/entity/Q21,right-footedness,https://www.wikidata.org/entity/Q1843233,2008-07-15,0,0,0,0
Freddie Potts,midfielder,https://www.wikidata.org/entity/Q193592,West Ham United F.C.,https://www.wikidata.org/entity/Q18747,England,https://www.wikidata.org/entity/Q21,right-footedness,https://www.wikidata.org/entity/Q1843233,2003-12-09,0,0,0,0
Dennis Praet,midfielder,https://www.wikidata.org/entity/Q193592,Leicester City F.C.,https://www.wikidata.org/entity/Q19481,Belgium,https://www.wikidata.org/entity/Q31,right-footedness,https://www.wikidata.org/entity/Q1843233,1994-05-14,0,0,0,0
Sam Proctor,goalkeeper,https://www.wikidata.org/entity/Q201330,Aston Villa F.C.,https://www.wikidata.org/entity/Q18711,England,https://www.wikidata.org/entity/Q21,n/a,,2006-12-21,0,0,0,0
Jarell Quansah,defender,https://www.wikidata.org/entity/Q336286,Liverpool F.C.,https://www.wikidata.org/entity/Q1130849,England,https://www.wikidata.org/entity/Q21,right-footedness,https://www.wikidata.org/entity/Q1843233,2003-01-29,0.2,0.1,0,0
Andrei Radu,goalkeeper,https://www.wikidata.org/entity/Q201330,AFC Bournemouth,https://www.wikidata.org/entity/Q19568,Romania,https://www.wikidata.org/entity/Q218,right-footedness,https://www.wikidata.org/entity/Q1843233,1997-05-28,0,0,0,0
Arjan Raikhy,midfielder,https://www.wikidata.org/entity/Q193592,Leicester City F.C.,https://www.wikidata.org/entity/Q19481,England,https://www.wikidata.org/entity/Q21,right-footedness,https://www.wikidata.org/entity/Q1843233,2002-10-20,0,0,0,0
Jesurun Rak-Sakyi,midfielder,https://www.wikidata.org/entity/Q193592,Crystal Palace F.C.,https://www.wikidata.org/entity/Q19467,England,https://www.wikidata.org/entity/Q21,left-footedness,https://www.wikidata.org/entity/Q2183543,2002-05-10,0,0,0,0
Samuel Rak-Sakyi,midfielder,https://www.wikidata.org/entity/Q193592,Chelsea F.C.,https://www.wikidata.org/entity/Q9616,England,https://www.wikidata.org/entity/Q21,left-footedness,https://www.wikidata.org/entity/Q2183543,2005-03-27,0,0,0,0
Youssef Chermiti,forward,https://www.wikidata.org/entity/Q280658,Everton F.C.,https://www.wikidata.org/entity/Q5794,Portugal,https://www.wikidata.org/entity/Q45,right-footedness,https://www.wikidata.org/entity/Q1843233,2004-05-24,0,0.11,0,0
Calvin Ramsay,defender,https://www.wikidata.org/entity/Q336286,Liverpool F.C.,https://www.wikidata.org/entity/Q1130849,Scotland,https://www.wikidata.org/entity/Q22,right-footedness,https://www.wikidata.org/entity/Q1843233,2003-07-31,0,0,0,0
Aaron Ramsdale,goalkeeper,https://www.wikidata.org/entity/Q201330,Southampton F.C.,https://www.wikidata.org/entity/Q18732,England,https://www.wikidata.org/entity/Q21,right-footedness,https://www.wikidata.org/entity/Q1843233,1998-05-14,0,0,0,0
Jacob Ramsey,midfielder,https://www.wikidata.org/entity/Q193592,Aston Villa F.C.,https://www.wikidata.org/entity/Q18711,England,https://www.wikidata.org/entity/Q21,right-footedness,https://www.wikidata.org/entity/Q1843233,2001-05-28,2.19,1.57,3,1
Darren Randolph,goalkeeper,https://www.wikidata.org/entity/Q201330,AFC Bournemouth,https://www.wikidata.org/entity/Q19568,Ireland,https://www.wikidata.org/entity/Q27,n/a,,1987-12-05,0,0,0,0
Marcus Rashford,forward,https://www.wikidata.org/entity/Q280658,Aston Villa F.C.,https://www.wikidata.org/entity/Q18711,England,https://www.wikidata.org/entity/Q21,right-footedness,https://www.wikidata.org/entity/Q1843233,1997-10-31,2.1,3.06,3,6
Luke Rawlings,midfielder,https://www.wikidata.org/entity/Q193592,Wolverhampton Wanderers F.C.,https://www.wikidata.org/entity/Q19500,England,https://www.wikidata.org/entity/Q21,right-footedness,https://www.wikidata.org/entity/Q1843233,2008-04-04,0,0,0,0
David Raya,goalkeeper,https://www.wikidata.org/entity/Q201330,Arsenal F.C.,https://www.wikidata.org/entity/Q9617,Spain,https://www.wikidata.org/entity/Q29,right-footedness,https://www.wikidata.org/entity/Q1843233,1995-09-15,0,0,0,0
Jadan Raymond,midfielder,https://www.wikidata.org/entity/Q193592,Crystal Palace F.C.,https://www.wikidata.org/entity/Q19467,Wales,https://www.wikidata.org/entity/Q25,n/a,,2003-10-15,0,0,0,0
Tim Ream,defender,https://www.wikidata.org/entity/Q336286,Fulham F.C.,https://www.wikidata.org/entity/Q18708,United States,https://www.wikidata.org/entity/Q30,n/a,,1987-05-10,0,0,0,0
Harrison Reed,midfielder,https://www.wikidata.org/entity/Q193592,Fulham F.C.,https://www.wikidata.org/entity/Q18708,England,https://www.wikidata.org/entity/Q21,right-footedness,https://www.wikidata.org/entity/Q1843233,1995-01-27,0.1,0.23,0,0
Remy Rees-Dottin,forward,https://www.wikidata.org/entity/Q280658,AFC Bournemouth,https://www.wikidata.org/entity/Q19568,England,https://www.wikidata.org/entity/Q21,right-footedness,https://www.wikidata.org/entity/Q1843233,2006-06-03,0,0,0,0
Sergio Reguilón,defender,https://www.wikidata.org/entity/Q336286,Tottenham Hotspur F.C.,https://www.wikidata.org/entity/Q18741,Spain,https://www.wikidata.org/entity/Q29,left-footedness,https://www.wikidata.org/entity/Q2183543,1996-12-16,0.25,0.12,0,0
Omar Rekik,defender,https://www.wikidata.org/entity/Q336286,Arsenal F.C.,https://www.wikidata.org/entity/Q9617,Tunisia,https://www.wikidata.org/entity/Q948,n/a,,2001-12-20,0,0,0,0
Giovanni Reyna,midfielder,https://www.wikidata.org/entity/Q193592,Nottingham Forest F.C.,https://www.wikidata.org/entity/Q19490,United States,https://www.wikidata.org/entity/Q30,right-footedness,https://www.wikidata.org/entity/Q1843233,2002-11-13,0,0,0,0
Chadi Riad,defender,https://www.wikidata.org/entity/Q336286,Crystal Palace F.C.,https://www.wikidata.org/entity/Q19467,Morocco,https://www.wikidata.org/entity/Q1028,left-footedness,https://www.wikidata.org/entity/Q2183543,2003-06-17,0.02,0,0,0
Declan Rice,midfielder,https://www.wikidata.org/entity/Q193592,Arsenal F.C.,https://www.wikidata.org/entity/Q9617,England,https://www.wikidata.org/entity/Q21,right-footedness,https://www.wikidata.org/entity/Q1843233,1999-01-14,5.63,3.51,7,4
Omar Richards,defender,https://www.wikidata.org/entity/Q336286,Nottingham Forest F.C.,https://www.wikidata.org/entity/Q19490,England,https://www.wikidata.org/entity/Q21,left-footedness,https://www.wikidata.org/entity/Q2183543,1998-02-15,0,0,0,0
Chris Richards,defender,https://www.wikidata.org/entity/Q336286,Crystal Palace F.C.,https://www.wikidata.org/entity/Q19467,United States,https://www.wikidata.org/entity/Q30,right-footedness,https://www.wikidata.org/entity/Q1843233,2000-03-28,0.61,1.38,0,1
Dujuan Richards,forward,https://www.wikidata.org/entity/Q280658,Chelsea F.C.,https://www.wikidata.org/entity/Q9616,Jamaica,https://www.wikidata.org/entity/Q766,left-footedness,https://www.wikidata.org/entity/Q2183543,2005-10-11,0,0,0,0
Jairo Riedewald,midfielder,https://www.wikidata.org/entity/Q193592,Crystal Palace F.C.,https://www.wikidata.org/entity/Q19467,Netherlands,https://www.wikidata.org/entity/Q55,left-footedness,https://www.wikidata.org/entity/Q2183543,1996-09-09,0,0,0,0
Matt Ritchie,midfielder,https://www.wikidata.org/entity/Q193592,Newcastle United F.C.,https://www.wikidata.org/entity/Q18716,Scotland,https://www.wikidata.org/entity/Q22,left-footedness,https://www.wikidata.org/entity/Q2183543,1989-10-09,0,0,0,0
Andy Robertson,defender,https://www.wikidata.org/entity/Q336286,Liverpool F.C.,https://www.wikidata.org/entity/Q1130849,Scotland,https://www.wikidata.org/entity/Q22,left-footedness,https://www.wikidata.org/entity/Q2183543,1994-11-03,4.26,1.17,1,0
Antonee Robinson,defender,https://www.wikidata.org/entity/Q336286,Fulham F.C.,https://www.wikidata.org/entity/Q18708,United States,https://www.wikidata.org/entity/Q30,left-footedness,https://www.wikidata.org/entity/Q2183543,1997-08-08,4.14,0.69,10,0
Jay Robinson,forward,https://www.wikidata.org/entity/Q280658,Southampton F.C.,https://www.wikidata.org/entity/Q18732,England,https://www.wikidata.org/entity/Q21,right-footedness,https://www.wikidata.org/entity/Q1843233,2007-03-15,0.53,0.05,0,0
Junior Robinson,defender,https://www.wikidata.org/entity/Q336286,West Ham United F.C.,https://www.wikidata.org/entity/Q18747,England,https://www.wikidata.org/entity/Q21,n/a,,2004-06-04,0,0,0,0
Josh Robinson,defender,https://www.wikidata.org/entity/Q336286,Arsenal F.C.,https://www.wikidata.org/entity/Q9617,England,https://www.wikidata.org/entity/Q21,right-footedness,https://www.wikidata.org/entity/Q1843233,2004-12-20,0,0,0,0
Max Robson,midfielder,https://www.wikidata.org/entity/Q193592,Tottenham Hotspur F.C.,https://www.wikidata.org/entity/Q18741,England,https://www.wikidata.org/entity/Q21,n/a,,2002-10-17,0,0,0,0
Kaden Rodney,midfielder,https://www.wikidata.org/entity/Q193592,Crystal Palace F.C.,https://www.wikidata.org/entity/Q19467,England,https://www.wikidata.org/entity/Q21,right-footedness,https://www.wikidata.org/entity/Q1843233,2004-07-10,0,0,0,0
Joe Rodon,defender,https://www.wikidata.org/entity/Q336286,Tottenham Hotspur F.C.,https://www.wikidata.org/entity/Q18741,Wales,https://www.wikidata.org/entity/Q25,right-footedness,https://www.wikidata.org/entity/Q1843233,1997-10-22,0,0,0,0
Morato,defender,https://www.wikidata.org/entity/Q336286,Nottingham Forest F.C.,https://www.wikidata.org/entity/Q19490,Brazil,https://www.wikidata.org/entity/Q155,left-footedness,https://www.wikidata.org/entity/Q2183543,2001-06-30,0.04,0.18,0,0
Guido Rodríguez,midfielder,https://www.wikidata.org/entity/Q193592,West Ham United F.C.,https://www.wikidata.org/entity/Q18747,Argentina,https://www.wikidata.org/entity/Q414,right-footedness,https://www.wikidata.org/entity/Q1843233,1994-12-04,0.18,0.23,1,0
Marek Rodák,goalkeeper,https://www.wikidata.org/entity/Q201330,Fulham F.C.,https://www.wikidata.org/entity/Q18708,Slovakia,https://www.wikidata.org/entity/Q214,n/a,,1996-12-13,0,0,0,0
Mads Roerslev,defender,https://www.wikidata.org/entity/Q336286,Brentford F.C.,https://www.wikidata.org/entity/Q19571,Denmark,https://www.wikidata.org/entity/Q35,right-footedness,https://www.wikidata.org/entity/Q1843233,1999-06-24,2.11,0.2,2,0
Morgan Rogers,forward,https://www.wikidata.org/entity/Q280658,Aston Villa F.C.,https://www.wikidata.org/entity/Q18711,England,https://www.wikidata.org/entity/Q21,right-footedness,https://www.wikidata.org/entity/Q1843233,2002-07-26,5.24,6.58,10,8
Alexei Rojas,goalkeeper,https://www.wikidata.org/entity/Q201330,Arsenal F.C.,https://www.wikidata.org/entity/Q9617,Colombia,https://www.wikidata.org/entity/Q739,right-footedness,https://www.wikidata.org/entity/Q1843233,2005-09-28,0,0,0,0
Cristian Romero,defender,https://www.wikidata.org/entity/Q336286,Tottenham Hotspur F.C.,https://www.wikidata.org/entity/Q18741,Argentina,https://www.wikidata.org/entity/Q414,right-footedness,https://www.wikidata.org/entity/Q1843233,1998-04-27,0.82,1.59,0,1
Reggie Rose,goalkeeper,https://www.wikidata.org/entity/Q201330,Brentford F.C.,https://www.wikidata.org/entity/Q19571,England,https://www.wikidata.org/entity/Q21,n/a,,2005-04-26,0,0,0,0
Michal Rosiak,defender,https://www.wikidata.org/entity/Q336286,Arsenal F.C.,https://www.wikidata.org/entity/Q9617,Poland,https://www.wikidata.org/entity/Q36,right-footedness,https://www.wikidata.org/entity/Q1843233,2005-12-10,0,0,0,0
Joe Rothwell,midfielder,https://www.wikidata.org/entity/Q193592,AFC Bournemouth,https://www.wikidata.org/entity/Q19568,England,https://www.wikidata.org/entity/Q21,right-footedness,https://www.wikidata.org/entity/Q1843233,1995-11-01,0,0,0,0
Triston Rowe,defender,https://www.wikidata.org/entity/Q336286,Aston Villa F.C.,https://www.wikidata.org/entity/Q18711,England,https://www.wikidata.org/entity/Q21,right-footedness,https://www.wikidata.org/entity/Q1843233,2006-02-10,0,0,0,0
John Ruddy,goalkeeper,https://www.wikidata.org/entity/Q201330,Newcastle United F.C.,https://www.wikidata.org/entity/Q18716,England,https://www.wikidata.org/entity/Q21,right-footedness,https://www.wikidata.org/entity/Q1843233,1986-10-24,0,0,0,0
Carl Rushworth,goalkeeper,https://www.wikidata.org/entity/Q201330,Brighton & Hove Albion F.C.,https://www.wikidata.org/entity/Q19453,England,https://www.wikidata.org/entity/Q21,left-footedness,https://www.wikidata.org/entity/Q2183543,2001-02-07,0,0,0,0
Georginio Rutter,forward,https://www.wikidata.org/entity/Q280658,Brighton & Hove Albion F.C.,https://www.wikidata.org/entity/Q19453,France,https://www.wikidata.org/entity/Q142,left-footedness,https://www.wikidata.org/entity/Q2183543,2002-04-20,1.67,4.64,3,5
Dominic Sadi,forward,https://www.wikidata.org/entity/Q280658,AFC Bournemouth,https://www.wikidata.org/entity/Q19568,England,https://www.wikidata.org/entity/Q21,right-footedness,https://www.wikidata.org/entity/Q1843233,2003-02-09,0,0,0,0
Charles Sagoe Jr,forward,https://www.wikidata.org/entity/Q280658,Arsenal F.C.,https://www.wikidata.org/entity/Q9617,England,https://www.wikidata.org/entity/Q21,n/a,,2004-07-24,0,0,0,0
Bukayo Saka,forward,https://www.wikidata.org/entity/Q280658,Arsenal F.C.,https://www.wikidata.org/entity/Q9617,England,https://www.wikidata.org/entity/Q21,left-footedness,https://www.wikidata.org/entity/Q2183543,2001-05-09,7.8,6.85,10,6
Mohamed Salah,forward,https://www.wikidata.org/entity/Q280658,Liverpool F.C.,https://www.wikidata.org/entity/Q1130849,Egypt,https://www.wikidata.org/entity/Q79,left-footedness,https://www.wikidata.org/entity/Q2183543,1992-06-15,9.06,25.37,18,29
William Saliba,defender,https://www.wikidata.org/entity/Q336286,Arsenal F.C.,https://www.wikidata.org/entity/Q9617,France,https://www.wikidata.org/entity/Q142,right-footedness,https://www.wikidata.org/entity/Q1843233,2001-03-24,1.29,2.28,0,2
Albert Sambi Lokonga,midfielder,https://www.wikidata.org/entity/Q193592,Arsenal F.C.,https://www.wikidata.org/entity/Q9617,Belgium,https://www.wikidata.org/entity/Q31,right-footedness,https://www.wikidata.org/entity/Q1843233,1999-10-22,0,0,0,0
Lakyle Samuel,defender,https://www.wikidata.org/entity/Q336286,Manchester City F.C.,https://www.wikidata.org/entity/Q50602,England,https://www.wikidata.org/entity/Q21,n/a,,2006-06-05,0,0,0,0
Imari Samuels,defender,https://www.wikidata.org/entity/Q336286,Brighton & Hove Albion F.C.,https://www.wikidata.org/entity/Q19453,England,https://www.wikidata.org/entity/Q21,left-footedness,https://www.wikidata.org/entity/Q2183543,2003-05-02,0,0,0,0
Ishé Samuels-Smith,defender,https://www.wikidata.org/entity/Q336286,Chelsea F.C.,https://www.wikidata.org/entity/Q9616,England,https://www.wikidata.org/entity/Q21,left-footedness,https://www.wikidata.org/entity/Q2183543,2006-05-06,0,0,0,0
Adrián,goalkeeper,https://www.wikidata.org/entity/Q201330,Liverpool F.C.,https://www.wikidata.org/entity/Q1130849,Spain,https://www.wikidata.org/entity/Q29,right-footedness,https://www.wikidata.org/entity/Q1843233,1987-03-01,0,0,0,0
Jadon Sancho,forward,https://www.wikidata.org/entity/Q280658,Manchester United F.C.,https://www.wikidata.org/entity/Q18656,England,https://www.wikidata.org/entity/Q21,right-footedness,https://www.wikidata.org/entity/Q1843233,2000-03-25,3.11,2.17,4,3
Ibrahim Sangaré,midfielder,https://www.wikidata.org/entity/Q193592,Nottingham Forest F.C.,https://www.wikidata.org/entity/Q19490,Ivory Coast,https://www.wikidata.org/entity/Q1008,right-footedness,https://www.wikidata.org/entity/Q1843233,1997-02-12,0.21,0.02,1,0
Ederson,goalkeeper,https://www.wikidata.org/entity/Q201330,Manchester City F.C.,https://www.wikidata.org/entity/Q50602,Brazil,https://www.wikidata.org/entity/Q155,left-footedness,https://www.wikidata.org/entity/Q2183543,1993-08-17,0,0,4,0
Yago Santiago,forward,https://www.wikidata.org/entity/Q280658,Tottenham Hotspur F.C.,https://www.wikidata.org/entity/Q18741,Spain,https://www.wikidata.org/entity/Q29,right-footedness,https://www.wikidata.org/entity/Q1843233,2003-04-15,0,0,0,0
Welington,defender,https://www.wikidata.org/entity/Q336286,Southampton F.C.,https://www.wikidata.org/entity/Q18732,Brazil,https://www.wikidata.org/entity/Q155,left-footedness,https://www.wikidata.org/entity/Q2183543,2001-02-19,0.16,0.04,0,0
Matheus Cunha,forward,https://www.wikidata.org/entity/Q280658,Wolverhampton Wanderers F.C.,https://www.wikidata.org/entity/Q19500,Brazil,https://www.wikidata.org/entity/Q155,right-footedness,https://www.wikidata.org/entity/Q1843233,1999-05-27,5.28,8.63,6,15
Diego Carlos,defender,https://www.wikidata.org/entity/Q336286,Aston Villa F.C.,https://www.wikidata.org/entity/Q18711,Brazil,https://www.wikidata.org/entity/Q155,right-footedness,https://www.wikidata.org/entity/Q1843233,1993-03-15,0.09,0.65,0,0
Trevan Sanusi,forward,https://www.wikidata.org/entity/Q280658,Newcastle United F.C.,https://www.wikidata.org/entity/Q18716,England,https://www.wikidata.org/entity/Q21,right-footedness,https://www.wikidata.org/entity/Q1843233,2007-04-25,0,0,0,0
Pablo Sarabia,midfielder,https://www.wikidata.org/entity/Q193592,Wolverhampton Wanderers F.C.,https://www.wikidata.org/entity/Q19500,Spain,https://www.wikidata.org/entity/Q29,left-footedness,https://www.wikidata.org/entity/Q2183543,1992-11-05,1.89,2.88,2,3
Jeremy Sarmiento,midfielder,https://www.wikidata.org/entity/Q193592,Brighton & Hove Albion F.C.,https://www.wikidata.org/entity/Q19453,Ecuador,https://www.wikidata.org/entity/Q736,right-footedness,https://www.wikidata.org/entity/Q1843233,2002-06-16,0,0,0,0
Malang Sarr,defender,https://www.wikidata.org/entity/Q336286,Chelsea F.C.,https://www.wikidata.org/entity/Q9616,France,https://www.wikidata.org/entity/Q142,left-footedness,https://www.wikidata.org/entity/Q2183543,1999-01-23,0,0,0,0
Ismaïla Sarr,forward,https://www.wikidata.org/entity/Q280658,Crystal Palace F.C.,https://www.wikidata.org/entity/Q19467,Senegal,https://www.wikidata.org/entity/Q1041,right-footedness,https://www.wikidata.org/entity/Q1843233,1998-02-25,6.74,10.72,6,8
Pape Sarr,midfielder,https://www.wikidata.org/entity/Q193592,Tottenham Hotspur F.C.,https://www.wikidata.org/entity/Q18741,Senegal,https://www.wikidata.org/entity/Q1041,right-footedness,https://www.wikidata.org/entity/Q1843233,2002-09-14,0.79,3.72,2,3
Calum Scanlon,defender,https://www.wikidata.org/entity/Q336286,Liverpool F.C.,https://www.wikidata.org/entity/Q1130849,England,https://www.wikidata.org/entity/Q21,left-footedness,https://www.wikidata.org/entity/Q2183543,2005-02-14,0,0,0,0
James Scanlon,midfielder,https://www.wikidata.org/entity/Q193592,Manchester United F.C.,https://www.wikidata.org/entity/Q18656,Gibraltar,https://www.wikidata.org/entity/Q1410,right-footedness,https://www.wikidata.org/entity/Q1843233,2006-09-28,0,0,0,0
Ollie Scarles,defender,https://www.wikidata.org/entity/Q336286,West Ham United F.C.,https://www.wikidata.org/entity/Q18747,England,https://www.wikidata.org/entity/Q21,left-footedness,https://www.wikidata.org/entity/Q2183543,2005-12-12,0,0,0,0
Dane Scarlett,forward,https://www.wikidata.org/entity/Q280658,Tottenham Hotspur F.C.,https://www.wikidata.org/entity/Q18741,England,https://www.wikidata.org/entity/Q21,right-footedness,https://www.wikidata.org/entity/Q1843233,2004-03-24,0,0.04,1,0
Kevin Schade,midfielder,https://www.wikidata.org/entity/Q193592,Brentford F.C.,https://www.wikidata.org/entity/Q19571,Germany,https://www.wikidata.org/entity/Q183,right-footedness,https://www.wikidata.org/entity/Q1843233,2001-11-27,1.76,8.2,2,11
Kjell Scherpen,goalkeeper,https://www.wikidata.org/entity/Q201330,Brighton & Hove Albion F.C.,https://www.wikidata.org/entity/Q19453,Netherlands,https://www.wikidata.org/entity/Q55,right-footedness,https://www.wikidata.org/entity/Q1843233,2000-01-23,0,0,0,0
Jeffrey Schlupp,midfielder,https://www.wikidata.org/entity/Q193592,Crystal Palace F.C.,https://www.wikidata.org/entity/Q19467,Ghana,https://www.wikidata.org/entity/Q117,two-footedness,https://www.wikidata.org/entity/Q136817382,1992-12-23,0.15,0.16,0,0
Fabian Schär,defender,https://www.wikidata.org/entity/Q336286,Newcastle United F.C.,https://www.wikidata.org/entity/Q18716,Switzerland,https://www.wikidata.org/entity/Q39,right-footedness,https://www.wikidata.org/entity/Q1843233,1991-12-20,1.03,3.8,0,4
Alex Scott,midfielder,https://www.wikidata.org/entity/Q193592,AFC Bournemouth,https://www.wikidata.org/entity/Q19568,England,https://www.wikidata.org/entity/Q21,right-footedness,https://www.wikidata.org/entity/Q1843233,2003-08-21,1.01,0.75,0,0
Kristian Sekularac,midfielder,https://www.wikidata.org/entity/Q193592,Fulham F.C.,https://www.wikidata.org/entity/Q18708,Switzerland,https://www.wikidata.org/entity/Q39,right-footedness,https://www.wikidata.org/entity/Q1843233,2003-07-12,0,0,0,0
Matz Sels,goalkeeper,https://www.wikidata.org/entity/Q201330,Nottingham Forest F.C.,https://www.wikidata.org/entity/Q19490,Belgium,https://www.wikidata.org/entity/Q31,right-footedness,https://www.wikidata.org/entity/Q1843233,1992-02-26,0,0,0,0
Antoine Semenyo,forward,https://www.wikidata.org/entity/Q280658,AFC Bournemouth,https://www.wikidata.org/entity/Q19568,Ghana,https://www.wikidata.org/entity/Q117,right-footedness,https://www.wikidata.org/entity/Q1843233,2000-07-01,4.35,9.98,5,11
Marcos Senesi,defender,https://www.wikidata.org/entity/Q336286,AFC Bournemouth,https://www.wikidata.org/entity/Q19568,Argentina,https://www.wikidata.org/entity/Q414,left-footedness,https://www.wikidata.org/entity/Q2183543,1997-10-05,0.49,0.84,0,0
Ryan Sessegnon,midfielder,https://www.wikidata.org/entity/Q193592,Fulham F.C.,https://www.wikidata.org/entity/Q18708,England,https://www.wikidata.org/entity/Q21,left-footedness,https://www.wikidata.org/entity/Q2183543,2000-05-18,1.13,1.64,2,4
Tommy Setford,goalkeeper,https://www.wikidata.org/entity/Q201330,Arsenal F.C.,https://www.wikidata.org/entity/Q9617,England,https://www.wikidata.org/entity/Q21,right-footedness,https://www.wikidata.org/entity/Q1843233,2006-03-13,0,0,0,0
Leo Shahar,defender,https://www.wikidata.org/entity/Q336286,Newcastle United F.C.,https://www.wikidata.org/entity/Q18716,England,https://www.wikidata.org/entity/Q21,right-footedness,https://www.wikidata.org/entity/Q1843233,2007-03-18,0,0,0,0
Teddy Sharman-Lowe,goalkeeper,https://www.wikidata.org/entity/Q201330,Chelsea F.C.,https://www.wikidata.org/entity/Q9616,England,https://www.wikidata.org/entity/Q21,right-footedness,https://www.wikidata.org/entity/Q1843233,2003-03-30,0,0,0,0
Luke Shaw,defender,https://www.wikidata.org/entity/Q336286,Manchester United F.C.,https://www.wikidata.org/entity/Q18656,England,https://www.wikidata.org/entity/Q21,left-footedness,https://www.wikidata.org/entity/Q2183543,1995-12-07,0.77,0.03,0,0
Jonjo Shelvey,midfielder,https://www.wikidata.org/entity/Q193592,Nottingham Forest F.C.,https://www.wikidata.org/entity/Q19490,England,https://www.wikidata.org/entity/Q21,right-footedness,https://www.wikidata.org/entity/Q1843233,1992-02-27,0,0,0,0
Martin Sherif,forward,https://www.wikidata.org/entity/Q280658,Everton F.C.,https://www.wikidata.org/entity/Q5794,Netherlands,https://www.wikidata.org/entity/Q55,left-footedness,https://www.wikidata.org/entity/Q2183543,2006-10-06,0,0,0,0
Shola Shoretire,forward,https://www.wikidata.org/entity/Q280658,Manchester United F.C.,https://www.wikidata.org/entity/Q18656,England,https://www.wikidata.org/entity/Q21,right-footedness,https://www.wikidata.org/entity/Q1843233,2004-02-02,0,0,0,0
Zain Silcott-Duberry,forward,https://www.wikidata.org/entity/Q280658,AFC Bournemouth,https://www.wikidata.org/entity/Q19568,England,https://www.wikidata.org/entity/Q21,right-footedness,https://www.wikidata.org/entity/Q1843233,2005-09-07,0,0,0,0
Lyanco,defender,https://www.wikidata.org/entity/Q336286,Southampton F.C.,https://www.wikidata.org/entity/Q18732,Brazil,https://www.wikidata.org/entity/Q155,right-footedness,https://www.wikidata.org/entity/Q1843233,1997-01-02,0,0,0,0
Abdallah Sima,forward,https://www.wikidata.org/entity/Q280658,Brighton & Hove Albion F.C.,https://www.wikidata.org/entity/Q19453,Senegal,https://www.wikidata.org/entity/Q1041,right-footedness,https://www.wikidata.org/entity/Q1843233,2001-06-17,0,0,0,0
Freddie Simmonds,defender,https://www.wikidata.org/entity/Q336286,Brighton & Hove Albion F.C.,https://www.wikidata.org/entity/Q19453,England,https://www.wikidata.org/entity/Q21,right-footedness,https://www.wikidata.org/entity/Q1843233,2008-09-03,0,0,0,0
Jahmai Simpson-Pusey,defender,https://www.wikidata.org/entity/Q336286,Manchester City F.C.,https://www.wikidata.org/entity/Q50602,England,https://www.wikidata.org/entity/Q21,right-footedness,https://www.wikidata.org/entity/Q1843233,2005-04-11,0.02,0,0,0
Luis Sinisterra,forward,https://www.wikidata.org/entity/Q280658,AFC Bournemouth,https://www.wikidata.org/entity/Q19568,Colombia,https://www.wikidata.org/entity/Q739,right-footedness,https://www.wikidata.org/entity/Q1843233,1999-06-17,1.31,1.21,1,1
Oliver Skipp,midfielder,https://www.wikidata.org/entity/Q193592,Leicester City F.C.,https://www.wikidata.org/entity/Q19481,England,https://www.wikidata.org/entity/Q21,right-footedness,https://www.wikidata.org/entity/Q1843233,2000-09-16,0,0,0,0
Jacob Slater,defender,https://www.wikidata.org/entity/Q336286,Brighton & Hove Albion F.C.,https://www.wikidata.org/entity/Q19453,Ireland,https://www.wikidata.org/entity/Q27,left-footedness,https://www.wikidata.org/entity/Q2183543,2004-05-10,0,0,0,0
Cieran Slicker,goalkeeper,https://www.wikidata.org/entity/Q201330,Ipswich Town F.C.,https://www.wikidata.org/entity/Q9653,Scotland,https://www.wikidata.org/entity/Q22,right-footedness,https://www.wikidata.org/entity/Q1843233,2002-09-15,0,0,0,0
Gaga Slonina,goalkeeper,https://www.wikidata.org/entity/Q201330,Chelsea F.C.,https://www.wikidata.org/entity/Q9616,United States,https://www.wikidata.org/entity/Q30,right-footedness,https://www.wikidata.org/entity/Q1843233,2004-05-15,0,0,0,0
Will Smallbone,midfielder,https://www.wikidata.org/entity/Q193592,Southampton F.C.,https://www.wikidata.org/entity/Q18732,Ireland,https://www.wikidata.org/entity/Q27,right-footedness,https://www.wikidata.org/entity/Q1843233,2000-02-21,0.91,0.56,0,1
Adam Smith,defender,https://www.wikidata.org/entity/Q336286,AFC Bournemouth,https://www.wikidata.org/entity/Q19568,England,https://www.wikidata.org/entity/Q21,right-footedness,https://www.wikidata.org/entity/Q1843233,1991-04-29,0.68,0.65,0,0
Emile Smith Rowe,midfielder,https://www.wikidata.org/entity/Q193592,Fulham F.C.,https://www.wikidata.org/entity/Q18708,England,https://www.wikidata.org/entity/Q21,right-footedness,https://www.wikidata.org/entity/Q1843233,2000-07-28,2.04,4.54,3,6
Fábio Silva,forward,https://www.wikidata.org/entity/Q280658,Wolverhampton Wanderers F.C.,https://www.wikidata.org/entity/Q19500,Portugal,https://www.wikidata.org/entity/Q45,right-footedness,https://www.wikidata.org/entity/Q1843233,2002-07-19,0,0,0,0
Douglas Luiz,midfielder,https://www.wikidata.org/entity/Q193592,Aston Villa F.C.,https://www.wikidata.org/entity/Q18711,Brazil,https://www.wikidata.org/entity/Q155,right-footedness,https://www.wikidata.org/entity/Q1843233,1998-09-05,0,0,0,0
Dominic Solanke,forward,https://www.wikidata.org/entity/Q280658,Tottenham Hotspur F.C.,https://www.wikidata.org/entity/Q18741,England,https://www.wikidata.org/entity/Q21,right-footedness,https://www.wikidata.org/entity/Q1843233,1997-09-14,1.15,10.97,3,9
Carlos Soler,midfielder,https://www.wikidata.org/entity/Q193592,West Ham United F.C.,https://www.wikidata.org/entity/Q18747,Spain,https://www.wikidata.org/entity/Q29,right-footedness,https://www.wikidata.org/entity/Q1843233,1997-02-01,1.9,1.85,1,1
Julio Soler,defender,https://www.wikidata.org/entity/Q336286,AFC Bournemouth,https://www.wikidata.org/entity/Q19568,Argentina,https://www.wikidata.org/entity/Q414,left-footedness,https://www.wikidata.org/entity/Q2183543,2005-02-16,0,0,0,0
Manor Solomon,forward,https://www.wikidata.org/entity/Q280658,Tottenham Hotspur F.C.,https://www.wikidata.org/entity/Q18741,Israel,https://www.wikidata.org/entity/Q801,two-footedness,https://www.wikidata.org/entity/Q136817382,1999-07-24,0,0,0,0
Son Heung-Min,forward,https://www.wikidata.org/entity/Q280658,Tottenham Hotspur F.C.,https://www.wikidata.org/entity/Q18741,South Korea,https://www.wikidata.org/entity/Q884,two-footedness,https://www.wikidata.org/entity/Q136817382,1992-08-07,5.13,7.35,9,7
Ramón Sosa,forward,https://www.wikidata.org/entity/Q280658,Nottingham Forest F.C.,https://www.wikidata.org/entity/Q19490,Paraguay,https://www.wikidata.org/entity/Q733,right-footedness,https://www.wikidata.org/entity/Q1843233,1999-08-31,0.36,1.01,0,1
Tomás Soucek,midfielder,https://www.wikidata.org/entity/Q193592,West Ham United F.C.,https://www.wikidata.org/entity/Q18747,Czech Republic,https://www.wikidata.org/entity/Q213,right-footedness,https://www.wikidata.org/entity/Q1843233,1995-02-27,1.26,6.9,1,9
Boubakary Soumaré,midfielder,https://www.wikidata.org/entity/Q193592,Leicester City F.C.,https://www.wikidata.org/entity/Q19481,France,https://www.wikidata.org/entity/Q142,right-footedness,https://www.wikidata.org/entity/Q1843233,1999-02-27,1.03,0.26,0,0
Lino Sousa,defender,https://www.wikidata.org/entity/Q336286,Aston Villa F.C.,https://www.wikidata.org/entity/Q18711,England,https://www.wikidata.org/entity/Q21,left-footedness,https://www.wikidata.org/entity/Q2183543,2005-01-19,0,0,0,0
Harry Souttar,defender,https://www.wikidata.org/entity/Q336286,Leicester City F.C.,https://www.wikidata.org/entity/Q19481,Australia,https://www.wikidata.org/entity/Q408,right-footedness,https://www.wikidata.org/entity/Q1843233,1998-10-22,0,0,0,0
Djed Spence,defender,https://www.wikidata.org/entity/Q336286,Tottenham Hotspur F.C.,https://www.wikidata.org/entity/Q18741,England,https://www.wikidata.org/entity/Q21,right-footedness,https://www.wikidata.org/entity/Q1843233,2000-09-08,1.36,0.56,2,1
Marko Stamenic,midfielder,https://www.wikidata.org/entity/Q193592,Nottingham Forest F.C.,https://www.wikidata.org/entity/Q19490,New Zealand,https://www.wikidata.org/entity/Q664,right-footedness,https://www.wikidata.org/entity/Q1843233,2002-02-19,0,0,0,0
Jay Stansfield,forward,https://www.wikidata.org/entity/Q280658,Fulham F.C.,https://www.wikidata.org/entity/Q18708,England,https://www.wikidata.org/entity/Q21,right-footedness,https://www.wikidata.org/entity/Q1843233,2002-11-24,0,0,0,0
Ellis Stanton,midfielder,https://www.wikidata.org/entity/Q193592,Newcastle United F.C.,https://www.wikidata.org/entity/Q18716,England,https://www.wikidata.org/entity/Q21,n/a,,2005-02-19,0,0,0,0
Jason Steele,goalkeeper,https://www.wikidata.org/entity/Q201330,Brighton & Hove Albion F.C.,https://www.wikidata.org/entity/Q19453,England,https://www.wikidata.org/entity/Q21,right-footedness,https://www.wikidata.org/entity/Q1843233,1990-08-18,0,0,0,0
Jack Stephens,defender,https://www.wikidata.org/entity/Q336286,Southampton F.C.,https://www.wikidata.org/entity/Q18732,England,https://www.wikidata.org/entity/Q21,right-footedness,https://www.wikidata.org/entity/Q1843233,1994-01-27,0.28,0.57,0,1
Luca Stephenson,midfielder,https://www.wikidata.org/entity/Q193592,Liverpool F.C.,https://www.wikidata.org/entity/Q1130849,England,https://www.wikidata.org/entity/Q21,right-footedness,https://www.wikidata.org/entity/Q1843233,2003-09-17,0,0,0,0
Raheem Sterling,forward,https://www.wikidata.org/entity/Q280658,Arsenal F.C.,https://www.wikidata.org/entity/Q9617,England,https://www.wikidata.org/entity/Q21,two-footedness,https://www.wikidata.org/entity/Q136817382,1994-08-12,0,0,2,0
Finley Stevens,defender,https://www.wikidata.org/entity/Q336286,Brentford F.C.,https://www.wikidata.org/entity/Q19571,Wales,https://www.wikidata.org/entity/Q25,right-footedness,https://www.wikidata.org/entity/Q1843233,2003-10-04,0,0,0,0
Ross Stewart,forward,https://www.wikidata.org/entity/Q280658,Southampton F.C.,https://www.wikidata.org/entity/Q18732,Scotland,https://www.wikidata.org/entity/Q22,right-footedness,https://www.wikidata.org/entity/Q1843233,1996-11-07,0.05,1.1,0,1
Jakub Stolarczyk,goalkeeper,https://www.wikidata.org/entity/Q201330,Leicester City F.C.,https://www.wikidata.org/entity/Q19481,Poland,https://www.wikidata.org/entity/Q36,right-footedness,https://www.wikidata.org/entity/Q1843233,2000-12-19,0,0,0,0
John Stones,defender,https://www.wikidata.org/entity/Q336286,Manchester City F.C.,https://www.wikidata.org/entity/Q50602,England,https://www.wikidata.org/entity/Q21,right-footedness,https://www.wikidata.org/entity/Q1843233,1994-05-28,0.18,0.43,0,2
Thomas Strakosha,goalkeeper,https://www.wikidata.org/entity/Q201330,Brentford F.C.,https://www.wikidata.org/entity/Q19571,Albania,https://www.wikidata.org/entity/Q222,right-footedness,https://www.wikidata.org/entity/Q1843233,1995-03-19,0,0,0,0
Jørgen Strand Larsen,forward,https://www.wikidata.org/entity/Q280658,Wolverhampton Wanderers F.C.,https://www.wikidata.org/entity/Q19500,Norway,https://www.wikidata.org/entity/Q20,right-footedness,https://www.wikidata.org/entity/Q1843233,2000-06-02,1.04,10.27,4,14
Zak Sturge,defender,https://www.wikidata.org/entity/Q336286,Chelsea F.C.,https://www.wikidata.org/entity/Q9616,England,https://www.wikidata.org/entity/Q21,left-footedness,https://www.wikidata.org/entity/Q2183543,2004-06-15,0,0,0,0
Ronnie Stutter,forward,https://www.wikidata.org/entity/Q280658,Chelsea F.C.,https://www.wikidata.org/entity/Q9616,England,https://www.wikidata.org/entity/Q21,n/a,,2005-06-01,0,0,0,0
Yukinari Sugawara,defender,https://www.wikidata.org/entity/Q336286,Southampton F.C.,https://www.wikidata.org/entity/Q18732,Japan,https://www.wikidata.org/entity/Q17,right-footedness,https://www.wikidata.org/entity/Q1843233,2000-06-28,2.46,0.49,1,1
Kamaldeen Sulemana,midfielder,https://www.wikidata.org/entity/Q193592,Southampton F.C.,https://www.wikidata.org/entity/Q18732,Ghana,https://www.wikidata.org/entity/Q117,right-footedness,https://www.wikidata.org/entity/Q1843233,2002-02-15,0.85,1.49,1,1
Crysencio Summerville,forward,https://www.wikidata.org/entity/Q280658,West Ham United F.C.,https://www.wikidata.org/entity/Q18747,Netherlands,https://www.wikidata.org/entity/Q55,right-footedness,https://www.wikidata.org/entity/Q1843233,2001-10-30,1.73,1.63,1,1
Mahamadou Susoho,midfielder,https://www.wikidata.org/entity/Q193592,Manchester City F.C.,https://www.wikidata.org/entity/Q50602,Spain,https://www.wikidata.org/entity/Q29,right-footedness,https://www.wikidata.org/entity/Q1843233,2005-01-20,0,0,0,0
James Sweet,defender,https://www.wikidata.org/entity/Q336286,Arsenal F.C.,https://www.wikidata.org/entity/Q9617,Wales,https://www.wikidata.org/entity/Q25,n/a,,2003-03-11,0,0,0,0
Sil Swinkels,defender,https://www.wikidata.org/entity/Q336286,Aston Villa F.C.,https://www.wikidata.org/entity/Q18711,Netherlands,https://www.wikidata.org/entity/Q55,right-footedness,https://www.wikidata.org/entity/Q1843233,2004-06-01,0,0,0,0
Kamarai Swyer,midfielder,https://www.wikidata.org/entity/Q193592,West Ham United F.C.,https://www.wikidata.org/entity/Q18747,England,https://www.wikidata.org/entity/Q21,right-footedness,https://www.wikidata.org/entity/Q1843233,2002-04-12,0,0,0,0
Freddie Symonds,defender,https://www.wikidata.org/entity/Q336286,Brighton and Hove Albion,,n/a,,n/a,,,0,0,0,0
Sam Szmodics,midfielder,https://www.wikidata.org/entity/Q193592,Ipswich Town F.C.,https://www.wikidata.org/entity/Q9653,Ireland,https://www.wikidata.org/entity/Q27,right-footedness,https://www.wikidata.org/entity/Q1843233,1995-09-24,0.46,3.41,0,4
Dominik Szoboszlai,midfielder,https://www.wikidata.org/entity/Q193592,Liverpool F.C.,https://www.wikidata.org/entity/Q1130849,Hungary,https://www.wikidata.org/entity/Q28,right-footedness,https://www.wikidata.org/entity/Q1843233,2000-10-25,5.88,7.34,6,6
Robert Sánchez,goalkeeper,https://www.wikidata.org/entity/Q201330,Chelsea F.C.,https://www.wikidata.org/entity/Q9616,Spain,https://www.wikidata.org/entity/Q29,left-footedness,https://www.wikidata.org/entity/Q2183543,1997-11-18,0,0,0,0
Rento Takaoka,forward,https://www.wikidata.org/entity/Q280658,Southampton F.C.,https://www.wikidata.org/entity/Q18732,Japan,https://www.wikidata.org/entity/Q17,n/a,,2007-12-03,0,0,0,0
Devan Tanton,defender,https://www.wikidata.org/entity/Q336286,Fulham F.C.,https://www.wikidata.org/entity/Q18708,Colombia,https://www.wikidata.org/entity/Q739,n/a,,2004-03-01,0,0,0,0
Matt Targett,defender,https://www.wikidata.org/entity/Q336286,Newcastle United F.C.,https://www.wikidata.org/entity/Q18716,England,https://www.wikidata.org/entity/Q21,left-footedness,https://www.wikidata.org/entity/Q2183543,1995-09-18,0.08,0,0,0
James Tarkowski,defender,https://www.wikidata.org/entity/Q336286,Everton F.C.,https://www.wikidata.org/entity/Q5794,England,https://www.wikidata.org/entity/Q21,right-footedness,https://www.wikidata.org/entity/Q1843233,1992-11-19,2.35,1.31,1,1
Charlie Tasker,defender,https://www.wikidata.org/entity/Q336286,Brighton & Hove Albion F.C.,https://www.wikidata.org/entity/Q19453,England,https://www.wikidata.org/entity/Q21,n/a,,2006-02-24,0,0,0,0
Jimi Tauriainen,midfielder,https://www.wikidata.org/entity/Q193592,Chelsea F.C.,https://www.wikidata.org/entity/Q9616,Finland,https://www.wikidata.org/entity/Q33,left-footedness,https://www.wikidata.org/entity/Q2183543,2004-08-03,0,0,0,0
André Gomes,midfielder,https://www.wikidata.org/entity/Q193592,Everton F.C.,https://www.wikidata.org/entity/Q5794,Portugal,https://www.wikidata.org/entity/Q45,right-footedness,https://www.wikidata.org/entity/Q1843233,1993-07-30,0,0,0,0
Chiquinho,forward,https://www.wikidata.org/entity/Q280658,Wolverhampton Wanderers F.C.,https://www.wikidata.org/entity/Q19500,Portugal,https://www.wikidata.org/entity/Q45,right-footedness,https://www.wikidata.org/entity/Q1843233,2000-05-02,0.05,0,0,0
Marcus Tavernier,midfielder,https://www.wikidata.org/entity/Q193592,AFC Bournemouth,https://www.wikidata.org/entity/Q19568,England,https://www.wikidata.org/entity/Q21,left-footedness,https://www.wikidata.org/entity/Q2183543,1999-03-22,3.65,5.48,5,3
Charlie Taylor,defender,https://www.wikidata.org/entity/Q336286,Southampton F.C.,https://www.wikidata.org/entity/Q18732,England,https://www.wikidata.org/entity/Q21,left-footedness,https://www.wikidata.org/entity/Q2183543,1993-09-18,0.15,0,0,0
Jack Taylor,midfielder,https://www.wikidata.org/entity/Q193592,Ipswich Town F.C.,https://www.wikidata.org/entity/Q9653,Ireland,https://www.wikidata.org/entity/Q27,right-footedness,https://www.wikidata.org/entity/Q1843233,1998-06-23,0.8,0.74,0,1
Tom Taylor,midfielder,https://www.wikidata.org/entity/Q193592,Ipswich Town,,n/a,,n/a,,,0,0,0,0
Diogo Jota,forward,https://www.wikidata.org/entity/Q280658,Liverpool F.C.,https://www.wikidata.org/entity/Q1130849,Portugal,https://www.wikidata.org/entity/Q45,right-footedness,https://www.wikidata.org/entity/Q1843233,1996-04-12,1.13,7.92,3,6
Mathys Tel,forward,https://www.wikidata.org/entity/Q280658,Tottenham Hotspur F.C.,https://www.wikidata.org/entity/Q18741,France,https://www.wikidata.org/entity/Q142,right-footedness,https://www.wikidata.org/entity/Q1843233,2005-04-27,1.51,2.98,1,2
Kenny Tete,defender,https://www.wikidata.org/entity/Q336286,Fulham F.C.,https://www.wikidata.org/entity/Q18708,Netherlands,https://www.wikidata.org/entity/Q55,right-footedness,https://www.wikidata.org/entity/Q1843233,1995-09-10,0.67,1.36,2,0
Luke Thomas,defender,https://www.wikidata.org/entity/Q336286,Leicester City F.C.,https://www.wikidata.org/entity/Q19481,England,https://www.wikidata.org/entity/Q21,left-footedness,https://www.wikidata.org/entity/Q2183543,2001-10-06,0.51,0.36,0,0
Silko Thomas,forward,https://www.wikidata.org/entity/Q280658,Leicester City F.C.,https://www.wikidata.org/entity/Q19481,England,https://www.wikidata.org/entity/Q21,left-footedness,https://www.wikidata.org/entity/Q2183543,2004-06-25,0,0,0,0
Ciaran Thompson,defender,https://www.wikidata.org/entity/Q336286,Newcastle United F.C.,https://www.wikidata.org/entity/Q18716,England,https://www.wikidata.org/entity/Q21,n/a,,2004-10-17,0,0,0,0
Youri Tielemans,midfielder,https://www.wikidata.org/entity/Q193592,Aston Villa F.C.,https://www.wikidata.org/entity/Q18711,Belgium,https://www.wikidata.org/entity/Q31,right-footedness,https://www.wikidata.org/entity/Q1843233,1997-07-05,5.65,3.32,7,3
Kieran Tierney,defender,https://www.wikidata.org/entity/Q336286,Arsenal F.C.,https://www.wikidata.org/entity/Q9617,Scotland,https://www.wikidata.org/entity/Q22,left-footedness,https://www.wikidata.org/entity/Q2183543,1997-05-06,0.73,0.36,0,1
Jurriën Timber,defender,https://www.wikidata.org/entity/Q336286,Arsenal F.C.,https://www.wikidata.org/entity/Q9617,Netherlands,https://www.wikidata.org/entity/Q55,right-footedness,https://www.wikidata.org/entity/Q1843233,2001-06-17,1.27,1.22,3,1
Jean-Clair Todibo,defender,https://www.wikidata.org/entity/Q336286,West Ham United F.C.,https://www.wikidata.org/entity/Q18747,France,https://www.wikidata.org/entity/Q142,right-footedness,https://www.wikidata.org/entity/Q1843233,1999-12-30,0.1,0.36,0,0
Harry Toffolo,defender,https://www.wikidata.org/entity/Q336286,Nottingham Forest F.C.,https://www.wikidata.org/entity/Q19490,England,https://www.wikidata.org/entity/Q21,left-footedness,https://www.wikidata.org/entity/Q2183543,1995-08-19,0.02,0.02,0,0
Lucas Paquetá,midfielder,https://www.wikidata.org/entity/Q193592,West Ham United F.C.,https://www.wikidata.org/entity/Q18747,Brazil,https://www.wikidata.org/entity/Q155,left-footedness,https://www.wikidata.org/entity/Q2183543,1997-08-27,3.29,5.32,0,4
Takehiro Tomiyasu,defender,https://www.wikidata.org/entity/Q336286,Arsenal F.C.,https://www.wikidata.org/entity/Q9617,Japan,https://www.wikidata.org/entity/Q17,two-footedness,https://www.wikidata.org/entity/Q136817382,1998-05-11,0,0.18,0,0
James Tomkins,defender,https://www.wikidata.org/entity/Q336286,Crystal Palace F.C.,https://www.wikidata.org/entity/Q19467,England,https://www.wikidata.org/entity/Q21,n/a,,1989-03-29,0,0,0,0
Sandro Tonali,midfielder,https://www.wikidata.org/entity/Q193592,Newcastle United F.C.,https://www.wikidata.org/entity/Q18716,Italy,https://www.wikidata.org/entity/Q38,right-footedness,https://www.wikidata.org/entity/Q1843233,2000-08-05,2.76,4.4,2,4
Ivan Toney,forward,https://www.wikidata.org/entity/Q280658,Brentford F.C.,https://www.wikidata.org/entity/Q19571,England,https://www.wikidata.org/entity/Q21,n/a,,1996-03-16,0,0,0,0
Pau Torres,defender,https://www.wikidata.org/entity/Q336286,Aston Villa F.C.,https://www.wikidata.org/entity/Q18711,Spain,https://www.wikidata.org/entity/Q29,left-footedness,https://www.wikidata.org/entity/Q2183543,1997-01-16,0.44,0.52,0,0
Conor Townsend,defender,https://www.wikidata.org/entity/Q336286,Ipswich Town F.C.,https://www.wikidata.org/entity/Q9653,England,https://www.wikidata.org/entity/Q21,left-footedness,https://www.wikidata.org/entity/Q2183543,1993-04-03,0.24,0.03,1,0
Hamed Traorè,midfielder,https://www.wikidata.org/entity/Q193592,AFC Bournemouth,https://www.wikidata.org/entity/Q19568,Ivory Coast,https://www.wikidata.org/entity/Q1008,right-footedness,https://www.wikidata.org/entity/Q1843233,2000-02-16,0,0,0,0
Adama Traoré,forward,https://www.wikidata.org/entity/Q280658,Fulham F.C.,https://www.wikidata.org/entity/Q18708,Spain,https://www.wikidata.org/entity/Q29,right-footedness,https://www.wikidata.org/entity/Q1843233,1996-01-25,4.53,4,7,2
Boubacar Traoré,midfielder,https://www.wikidata.org/entity/Q193592,Wolverhampton Wanderers F.C.,https://www.wikidata.org/entity/Q19500,Mali,https://www.wikidata.org/entity/Q912,right-footedness,https://www.wikidata.org/entity/Q1843233,2001-08-20,0,0,0,0
Mark Travers,goalkeeper,https://www.wikidata.org/entity/Q201330,AFC Bournemouth,https://www.wikidata.org/entity/Q19568,Ireland,https://www.wikidata.org/entity/Q27,right-footedness,https://www.wikidata.org/entity/Q1843233,1999-05-18,0,0,0,0
Lewis Travis,midfielder,https://www.wikidata.org/entity/Q193592,Ipswich Town F.C.,https://www.wikidata.org/entity/Q9653,England,https://www.wikidata.org/entity/Q21,right-footedness,https://www.wikidata.org/entity/Q1843233,1997-10-16,0,0,0,0
Ryan Trevitt,midfielder,https://www.wikidata.org/entity/Q193592,Brentford F.C.,https://www.wikidata.org/entity/Q19571,England,https://www.wikidata.org/entity/Q21,right-footedness,https://www.wikidata.org/entity/Q1843233,2003-12-03,0,0,0,0
André,midfielder,https://www.wikidata.org/entity/Q193592,Wolverhampton Wanderers F.C.,https://www.wikidata.org/entity/Q19500,Brazil,https://www.wikidata.org/entity/Q155,right-footedness,https://www.wikidata.org/entity/Q1843233,2001-07-16,0.66,0.42,0,0
Kieran Trippier,defender,https://www.wikidata.org/entity/Q336286,Newcastle United F.C.,https://www.wikidata.org/entity/Q18716,England,https://www.wikidata.org/entity/Q21,right-footedness,https://www.wikidata.org/entity/Q1843233,1990-09-19,1.45,0.12,3,0
Leandro Trossard,forward,https://www.wikidata.org/entity/Q280658,Arsenal F.C.,https://www.wikidata.org/entity/Q9617,Belgium,https://www.wikidata.org/entity/Q31,right-footedness,https://www.wikidata.org/entity/Q1843233,1994-04-12,4.11,7.21,7,8
Kostas Tsimikas,defender,https://www.wikidata.org/entity/Q336286,Liverpool F.C.,https://www.wikidata.org/entity/Q1130849,Greece,https://www.wikidata.org/entity/Q41,left-footedness,https://www.wikidata.org/entity/Q2183543,1996-12-05,2.32,0.38,1,0
Axel Tuanzebe,defender,https://www.wikidata.org/entity/Q336286,Ipswich Town F.C.,https://www.wikidata.org/entity/Q9653,Democratic Republic of the Congo,https://www.wikidata.org/entity/Q974,right-footedness,https://www.wikidata.org/entity/Q1843233,1997-11-14,0.28,0.2,1,0
Matt Turner,goalkeeper,https://www.wikidata.org/entity/Q201330,Crystal Palace F.C.,https://www.wikidata.org/entity/Q19467,United States,https://www.wikidata.org/entity/Q30,right-footedness,https://www.wikidata.org/entity/Q1843233,1994-06-24,0,0,0,0
Jay Turner-Cooke,midfielder,https://www.wikidata.org/entity/Q193592,Newcastle United F.C.,https://www.wikidata.org/entity/Q18716,England,https://www.wikidata.org/entity/Q21,left-footedness,https://www.wikidata.org/entity/Q2183543,2003-12-31,0,0,0,0
Ed Turns,defender,https://www.wikidata.org/entity/Q336286,Brighton & Hove Albion F.C.,https://www.wikidata.org/entity/Q19453,Wales,https://www.wikidata.org/entity/Q25,left-footedness,https://www.wikidata.org/entity/Q2183543,2002-10-18,0,0,0,0
Harry Tyrer,goalkeeper,https://www.wikidata.org/entity/Q201330,Everton F.C.,https://www.wikidata.org/entity/Q5794,England,https://www.wikidata.org/entity/Q21,right-footedness,https://www.wikidata.org/entity/Q1843233,2001-06-12,0,0,0,0
Destiny Udogie,defender,https://www.wikidata.org/entity/Q336286,Tottenham Hotspur F.C.,https://www.wikidata.org/entity/Q18741,Italy,https://www.wikidata.org/entity/Q38,left-footedness,https://www.wikidata.org/entity/Q2183543,2002-11-28,1.2,0.3,1,0
Manuel Ugarte,midfielder,https://www.wikidata.org/entity/Q193592,Manchester United F.C.,https://www.wikidata.org/entity/Q18656,Uruguay,https://www.wikidata.org/entity/Q77,right-footedness,https://www.wikidata.org/entity/Q1843233,2001-11-04,0.69,1.01,2,1
Lesley Ugochukwu,midfielder,https://www.wikidata.org/entity/Q193592,Southampton F.C.,https://www.wikidata.org/entity/Q18732,France,https://www.wikidata.org/entity/Q142,right-footedness,https://www.wikidata.org/entity/Q1843233,2004-03-26,0,0,1,1
Franco Umeh-Chibueze,forward,https://www.wikidata.org/entity/Q280658,Crystal Palace F.C.,https://www.wikidata.org/entity/Q19467,Ireland,https://www.wikidata.org/entity/Q27,left-footedness,https://www.wikidata.org/entity/Q2183543,2005-01-26,0,0,0,0
Deniz Undav,forward,https://www.wikidata.org/entity/Q280658,Brighton & Hove Albion F.C.,https://www.wikidata.org/entity/Q19453,Germany,https://www.wikidata.org/entity/Q183,right-footedness,https://www.wikidata.org/entity/Q1843233,1996-07-19,0,0,0,0
Hákon Valdimarsson,goalkeeper,https://www.wikidata.org/entity/Q201330,Brentford F.C.,https://www.wikidata.org/entity/Q19571,Iceland,https://www.wikidata.org/entity/Q189,right-footedness,https://www.wikidata.org/entity/Q1843233,2001-10-13,0,0,0,0
Harvey Vale,midfielder,https://www.wikidata.org/entity/Q193592,Chelsea F.C.,https://www.wikidata.org/entity/Q9616,England,https://www.wikidata.org/entity/Q21,left-footedness,https://www.wikidata.org/entity/Q2183543,2003-11-09,0,0,0,0
Raphaël Varane,defender,https://www.wikidata.org/entity/Q336286,Manchester United F.C.,https://www.wikidata.org/entity/Q18656,France,https://www.wikidata.org/entity/Q142,right-footedness,https://www.wikidata.org/entity/Q1843233,1993-04-25,0,0,0,0
Jamie Vardy,forward,https://www.wikidata.org/entity/Q280658,Leicester City F.C.,https://www.wikidata.org/entity/Q19481,England,https://www.wikidata.org/entity/Q21,right-footedness,https://www.wikidata.org/entity/Q1843233,1987-11-01,2.57,11.22,4,9
Nuno Tavares,defender,https://www.wikidata.org/entity/Q336286,Arsenal F.C.,https://www.wikidata.org/entity/Q9617,Portugal,https://www.wikidata.org/entity/Q45,left-footedness,https://www.wikidata.org/entity/Q2183543,2000-01-26,0,0,0,0
Joël Veltman,defender,https://www.wikidata.org/entity/Q336286,Brighton & Hove Albion F.C.,https://www.wikidata.org/entity/Q19453,Netherlands,https://www.wikidata.org/entity/Q55,right-footedness,https://www.wikidata.org/entity/Q1843233,1992-01-15,1.33,0.47,0,0
Bart Verbruggen,goalkeeper,https://www.wikidata.org/entity/Q201330,Brighton & Hove Albion F.C.,https://www.wikidata.org/entity/Q19453,Netherlands,https://www.wikidata.org/entity/Q55,right-footedness,https://www.wikidata.org/entity/Q1843233,2002-08-18,0,0,1,0
Jannik Vestergaard,defender,https://www.wikidata.org/entity/Q336286,Leicester City F.C.,https://www.wikidata.org/entity/Q19481,Denmark,https://www.wikidata.org/entity/Q35,left-footedness,https://www.wikidata.org/entity/Q2183543,1992-03-08,0.11,0.1,0,0
Guglielmo Vicario,goalkeeper,https://www.wikidata.org/entity/Q201330,Tottenham Hotspur F.C.,https://www.wikidata.org/entity/Q18741,Italy,https://www.wikidata.org/entity/Q38,right-footedness,https://www.wikidata.org/entity/Q1843233,1996-07-10,0,0,0,0
Odysseas Vlachodimos,goalkeeper,https://www.wikidata.org/entity/Q201330,Newcastle United F.C.,https://www.wikidata.org/entity/Q18716,Greece,https://www.wikidata.org/entity/Q41,right-footedness,https://www.wikidata.org/entity/Q1843233,1994-04-26,0,0,0,0
Alejo Véliz,forward,https://www.wikidata.org/entity/Q280658,Tottenham Hotspur F.C.,https://www.wikidata.org/entity/Q18741,Argentina,https://www.wikidata.org/entity/Q414,right-footedness,https://www.wikidata.org/entity/Q1843233,2003-09-19,0,0,0,0
Radek Vítek,goalkeeper,https://www.wikidata.org/entity/Q201330,Manchester United F.C.,https://www.wikidata.org/entity/Q18656,Czech Republic,https://www.wikidata.org/entity/Q213,right-footedness,https://www.wikidata.org/entity/Q1843233,2003-10-24,0,0,0,0
Kyle Walker,defender,https://www.wikidata.org/entity/Q336286,Manchester City F.C.,https://www.wikidata.org/entity/Q50602,England,https://www.wikidata.org/entity/Q21,right-footedness,https://www.wikidata.org/entity/Q1843233,1990-05-28,1.34,0.14,0,0
Kyle Walker-Peters,defender,https://www.wikidata.org/entity/Q336286,Southampton F.C.,https://www.wikidata.org/entity/Q18732,England,https://www.wikidata.org/entity/Q21,right-footedness,https://www.wikidata.org/entity/Q1843233,1997-04-13,2.3,0.84,2,0
Reggie Walsh,midfielder,https://www.wikidata.org/entity/Q193592,Chelsea F.C.,https://www.wikidata.org/entity/Q9616,England,https://www.wikidata.org/entity/Q21,n/a,,2008-10-20,0,0,0,0
Reuell Walters,defender,https://www.wikidata.org/entity/Q336286,Arsenal F.C.,https://www.wikidata.org/entity/Q9617,England,https://www.wikidata.org/entity/Q21,right-footedness,https://www.wikidata.org/entity/Q1843233,2004-12-16,0,0,0,0
Christian Walton,goalkeeper,https://www.wikidata.org/entity/Q201330,Ipswich Town F.C.,https://www.wikidata.org/entity/Q9653,England,https://www.wikidata.org/entity/Q21,left-footedness,https://www.wikidata.org/entity/Q2183543,1995-09-11,0,0,0,0
Aaron Wan-Bissaka,defender,https://www.wikidata.org/entity/Q336286,West Ham United F.C.,https://www.wikidata.org/entity/Q18747,England,https://www.wikidata.org/entity/Q21,right-footedness,https://www.wikidata.org/entity/Q1843233,1997-11-26,2.78,1.19,5,2
Joel Ward,defender,https://www.wikidata.org/entity/Q336286,Crystal Palace F.C.,https://www.wikidata.org/entity/Q19467,England,https://www.wikidata.org/entity/Q21,right-footedness,https://www.wikidata.org/entity/Q1843233,1989-10-29,0.01,0,0,0
Danny Ward,goalkeeper,https://www.wikidata.org/entity/Q201330,Leicester City F.C.,https://www.wikidata.org/entity/Q19481,Wales,https://www.wikidata.org/entity/Q25,right-footedness,https://www.wikidata.org/entity/Q1843233,1993-06-22,0,0,0,0
James Ward-Prowse,midfielder,https://www.wikidata.org/entity/Q193592,West Ham United F.C.,https://www.wikidata.org/entity/Q18747,England,https://www.wikidata.org/entity/Q21,right-footedness,https://www.wikidata.org/entity/Q1843233,1994-01-11,1.81,1.65,2,1
Lewis Warrington,midfielder,https://www.wikidata.org/entity/Q193592,Everton F.C.,https://www.wikidata.org/entity/Q5794,England,https://www.wikidata.org/entity/Q21,right-footedness,https://www.wikidata.org/entity/Q1843233,2002-10-10,0,0,0,0
Ollie Watkins,forward,https://www.wikidata.org/entity/Q280658,Aston Villa F.C.,https://www.wikidata.org/entity/Q18711,England,https://www.wikidata.org/entity/Q21,right-footedness,https://www.wikidata.org/entity/Q1843233,1995-12-30,2.07,15.38,8,16
Adam Webster,defender,https://www.wikidata.org/entity/Q336286,Brighton & Hove Albion F.C.,https://www.wikidata.org/entity/Q19453,England,https://www.wikidata.org/entity/Q21,right-footedness,https://www.wikidata.org/entity/Q1843233,1995-04-01,0.27,0.25,0,0
Jensen Weir,midfielder,https://www.wikidata.org/entity/Q193592,Brighton & Hove Albion F.C.,https://www.wikidata.org/entity/Q19453,England,https://www.wikidata.org/entity/Q21,right-footedness,https://www.wikidata.org/entity/Q1843233,2002-01-31,0,0,0,0
Danny Welbeck,forward,https://www.wikidata.org/entity/Q280658,Brighton & Hove Albion F.C.,https://www.wikidata.org/entity/Q19453,England,https://www.wikidata.org/entity/Q21,right-footedness,https://www.wikidata.org/entity/Q1843233,1990-11-26,1.38,9.57,4,10
Reece Welch,defender,https://www.wikidata.org/entity/Q336286,Everton F.C.,https://www.wikidata.org/entity/Q5794,England,https://www.wikidata.org/entity/Q21,n/a,,2003-09-19,0,0,0,0
Jack Wells-Morrison,midfielder,https://www.wikidata.org/entity/Q193592,Crystal Palace F.C.,https://www.wikidata.org/entity/Q19467,England,https://www.wikidata.org/entity/Q21,n/a,,2004-02-18,0,0,0,0
Timo Werner,forward,https://www.wikidata.org/entity/Q280658,Tottenham Hotspur F.C.,https://www.wikidata.org/entity/Q18741,Germany,https://www.wikidata.org/entity/Q183,right-footedness,https://www.wikidata.org/entity/Q1843233,1996-06-03,1.52,0.98,3,0
Adam Wharton,midfielder,https://www.wikidata.org/entity/Q193592,Crystal Palace F.C.,https://www.wikidata.org/entity/Q19467,England,https://www.wikidata.org/entity/Q21,left-footedness,https://www.wikidata.org/entity/Q2183543,2004-06-02,2.18,0.37,2,0
Ethan Wheatley,forward,https://www.wikidata.org/entity/Q280658,Manchester United F.C.,https://www.wikidata.org/entity/Q18656,England,https://www.wikidata.org/entity/Q21,right-footedness,https://www.wikidata.org/entity/Q1843233,2006-01-20,0,0,0,0
Ben White,defender,https://www.wikidata.org/entity/Q336286,Arsenal F.C.,https://www.wikidata.org/entity/Q9617,England,https://www.wikidata.org/entity/Q21,right-footedness,https://www.wikidata.org/entity/Q1843233,1997-08-10,1.41,0.46,2,0
Joe White,midfielder,https://www.wikidata.org/entity/Q193592,Newcastle United F.C.,https://www.wikidata.org/entity/Q18716,England,https://www.wikidata.org/entity/Q21,left-footedness,https://www.wikidata.org/entity/Q2183543,2002-01-10,0,0,0,0
Alfie Whiteman,goalkeeper,https://www.wikidata.org/entity/Q201330,Tottenham Hotspur F.C.,https://www.wikidata.org/entity/Q18741,England,https://www.wikidata.org/entity/Q21,right-footedness,https://www.wikidata.org/entity/Q1843233,1998-02-10,0,0,0,0
Matthew Whittingham,midfielder,https://www.wikidata.org/entity/Q193592,Wolverhampton Wanderers F.C.,https://www.wikidata.org/entity/Q19500,England,https://www.wikidata.org/entity/Q21,left-footedness,https://www.wikidata.org/entity/Q2183543,2004-10-21,0,0,0,0
Joe Whitworth,goalkeeper,https://www.wikidata.org/entity/Q201330,Crystal Palace F.C.,https://www.wikidata.org/entity/Q19467,England,https://www.wikidata.org/entity/Q21,right-footedness,https://www.wikidata.org/entity/Q1843233,2004-02-29,0,0,0,0
Mats Wieffer,midfielder,https://www.wikidata.org/entity/Q193592,Brighton & Hove Albion F.C.,https://www.wikidata.org/entity/Q19453,Netherlands,https://www.wikidata.org/entity/Q55,right-footedness,https://www.wikidata.org/entity/Q1843233,1999-11-16,1.01,0.75,4,1
Caleb Wiley,defender,https://www.wikidata.org/entity/Q336286,Chelsea F.C.,https://www.wikidata.org/entity/Q9616,United States,https://www.wikidata.org/entity/Q30,left-footedness,https://www.wikidata.org/entity/Q2183543,2004-12-22,0,0,0,0
Neco Williams,defender,https://www.wikidata.org/entity/Q336286,Nottingham Forest F.C.,https://www.wikidata.org/entity/Q19490,Wales,https://www.wikidata.org/entity/Q25,right-footedness,https://www.wikidata.org/entity/Q1843233,2001-04-13,1.53,2.3,3,1
Rhys Williams,defender,https://www.wikidata.org/entity/Q336286,Liverpool F.C.,https://www.wikidata.org/entity/Q1130849,England,https://www.wikidata.org/entity/Q21,right-footedness,https://www.wikidata.org/entity/Q1843233,2001-03-02,0,0,0,0
Brandon Williams,defender,https://www.wikidata.org/entity/Q336286,Manchester United F.C.,https://www.wikidata.org/entity/Q18656,England,https://www.wikidata.org/entity/Q21,n/a,,2000-03-09,0,0,0,0
Dylan Williams,defender,https://www.wikidata.org/entity/Q336286,Chelsea F.C.,https://www.wikidata.org/entity/Q9616,England,https://www.wikidata.org/entity/Q21,n/a,,2003-09-13,0,0,0,0
Ethan Williams,midfielder,https://www.wikidata.org/entity/Q193592,Manchester United F.C.,https://www.wikidata.org/entity/Q18656,England,https://www.wikidata.org/entity/Q21,n/a,,2005-11-14,0,0,0,0
Luca Williams-Barnett,forward,https://www.wikidata.org/entity/Q280658,Tottenham Hotspur F.C.,https://www.wikidata.org/entity/Q18741,England,https://www.wikidata.org/entity/Q21,two-footedness,https://www.wikidata.org/entity/Q136817382,2008-01-04,0,0,0,0
Joe Willock,midfielder,https://www.wikidata.org/entity/Q193592,Newcastle United F.C.,https://www.wikidata.org/entity/Q18716,England,https://www.wikidata.org/entity/Q21,right-footedness,https://www.wikidata.org/entity/Q1843233,1999-08-20,0.93,1.63,2,0
Harry Wilson,midfielder,https://www.wikidata.org/entity/Q193592,Fulham F.C.,https://www.wikidata.org/entity/Q18708,Wales,https://www.wikidata.org/entity/Q25,left-footedness,https://www.wikidata.org/entity/Q2183543,1997-03-22,1.17,4.2,1,6
Kaiden Wilson,defender,https://www.wikidata.org/entity/Q336286,Chelsea F.C.,https://www.wikidata.org/entity/Q9616,England,https://www.wikidata.org/entity/Q21,right-footedness,https://www.wikidata.org/entity/Q1843233,2005-02-09,0,0,0,0
Callum Wilson,forward,https://www.wikidata.org/entity/Q280658,Newcastle United F.C.,https://www.wikidata.org/entity/Q18716,England,https://www.wikidata.org/entity/Q21,two-footedness,https://www.wikidata.org/entity/Q136817382,1992-02-27,0.09,0.38,0,0
Thomas Wilson-Brown,defender,https://www.wikidata.org/entity/Q336286,Leicester City F.C.,https://www.wikidata.org/entity/Q19481,England,https://www.wikidata.org/entity/Q21,left-footedness,https://www.wikidata.org/entity/Q2183543,2004-05-10,0,0,0,0
Josh Wilson-Esbrand,defender,https://www.wikidata.org/entity/Q336286,Manchester City F.C.,https://www.wikidata.org/entity/Q50602,England,https://www.wikidata.org/entity/Q21,left-footedness,https://www.wikidata.org/entity/Q2183543,2002-12-26,0,0,0,0
Harry Winks,midfielder,https://www.wikidata.org/entity/Q193592,Leicester City F.C.,https://www.wikidata.org/entity/Q19481,England,https://www.wikidata.org/entity/Q21,right-footedness,https://www.wikidata.org/entity/Q1843233,1996-02-02,1.53,0.22,2,0
Ben Winterbottom,goalkeeper,https://www.wikidata.org/entity/Q201330,Brentford F.C.,https://www.wikidata.org/entity/Q19571,England,https://www.wikidata.org/entity/Q21,left-footedness,https://www.wikidata.org/entity/Q2183543,2001-07-16,0,0,0,0
Ben Winterburn,midfielder,https://www.wikidata.org/entity/Q193592,AFC Bournemouth,https://www.wikidata.org/entity/Q19568,England,https://www.wikidata.org/entity/Q21,right-footedness,https://www.wikidata.org/entity/Q1843233,2004-04-09,0,0,0,0
Yoane Wissa,midfielder,https://www.wikidata.org/entity/Q193592,Brentford F.C.,https://www.wikidata.org/entity/Q19571,Democratic Republic of the Congo,https://www.wikidata.org/entity/Q974,right-footedness,https://www.wikidata.org/entity/Q1843233,1996-03-09,1.83,18.59,4,19
Nathan Wood,defender,https://www.wikidata.org/entity/Q336286,Southampton F.C.,https://www.wikidata.org/entity/Q18732,England,https://www.wikidata.org/entity/Q21,right-footedness,https://www.wikidata.org/entity/Q1843233,2002-05-31,0.05,0.23,0,0
Chris Wood,forward,https://www.wikidata.org/entity/Q280658,Nottingham Forest F.C.,https://www.wikidata.org/entity/Q19490,New Zealand,https://www.wikidata.org/entity/Q664,right-footedness,https://www.wikidata.org/entity/Q1843233,1991-07-12,1.52,13.35,3,20
Luke Woolfenden,defender,https://www.wikidata.org/entity/Q336286,Ipswich Town F.C.,https://www.wikidata.org/entity/Q9653,England,https://www.wikidata.org/entity/Q21,right-footedness,https://www.wikidata.org/entity/Q1843233,1998-10-21,0.05,0.03,0,0
Joe Worrall,defender,https://www.wikidata.org/entity/Q336286,Nottingham Forest F.C.,https://www.wikidata.org/entity/Q19490,England,https://www.wikidata.org/entity/Q21,right-footedness,https://www.wikidata.org/entity/Q1843233,1997-10-01,0,0,0,0
James Wright,goalkeeper,https://www.wikidata.org/entity/Q201330,Aston Villa F.C.,https://www.wikidata.org/entity/Q18711,England,https://www.wikidata.org/entity/Q21,n/a,,2004-02-12,0,0,0,0
Jacob Wright,midfielder,https://www.wikidata.org/entity/Q193592,Manchester City F.C.,https://www.wikidata.org/entity/Q50602,England,https://www.wikidata.org/entity/Q21,right-footedness,https://www.wikidata.org/entity/Q1843233,2005-09-21,0,0,0,0
Malick Yalcouyé,midfielder,https://www.wikidata.org/entity/Q193592,Brighton & Hove Albion F.C.,https://www.wikidata.org/entity/Q19453,Ivory Coast,https://www.wikidata.org/entity/Q1008,right-footedness,https://www.wikidata.org/entity/Q1843233,2005-11-18,0,0,0,0
Yang Min-Hyeok,forward,https://www.wikidata.org/entity/Q280658,Tottenham Hotspur F.C.,https://www.wikidata.org/entity/Q18741,South Korea,https://www.wikidata.org/entity/Q884,right-footedness,https://www.wikidata.org/entity/Q1843233,2006-04-16,0,0,0,0
Yehor Yarmoliuk,midfielder,https://www.wikidata.org/entity/Q193592,Brentford F.C.,https://www.wikidata.org/entity/Q19571,Ukraine,https://www.wikidata.org/entity/Q212,two-footedness,https://www.wikidata.org/entity/Q136817382,2004-01-03,0.91,0.61,0,0
Ryan Yates,midfielder,https://www.wikidata.org/entity/Q193592,Nottingham Forest F.C.,https://www.wikidata.org/entity/Q19490,England,https://www.wikidata.org/entity/Q21,right-footedness,https://www.wikidata.org/entity/Q1843233,1997-11-21,0.5,2.3,1,2
Tony Yogane,midfielder,https://www.wikidata.org/entity/Q193592,Brentford F.C.,https://www.wikidata.org/entity/Q19571,England,https://www.wikidata.org/entity/Q21,right-footedness,https://www.wikidata.org/entity/Q1843233,2005-09-24,0,0,0,0
Leny Yoro,defender,https://www.wikidata.org/entity/Q336286,Manchester United F.C.,https://www.wikidata.org/entity/Q18656,France,https://www.wikidata.org/entity/Q142,right-footedness,https://www.wikidata.org/entity/Q1843233,2005-11-13,0.17,0.7,0,0
Ashley Young,defender,https://www.wikidata.org/entity/Q336286,Everton F.C.,https://www.wikidata.org/entity/Q5794,England,https://www.wikidata.org/entity/Q21,two-footedness,https://www.wikidata.org/entity/Q136817382,1985-09-07,2.91,0.27,3,1
Ranel Young,forward,https://www.wikidata.org/entity/Q280658,Liverpool F.C.,https://www.wikidata.org/entity/Q1130849,England,https://www.wikidata.org/entity/Q21,right-footedness,https://www.wikidata.org/entity/Q1843233,2005-12-26,0,0,0,0
Kadan Young,forward,https://www.wikidata.org/entity/Q280658,Aston Villa F.C.,https://www.wikidata.org/entity/Q18711,England,https://www.wikidata.org/entity/Q21,right-footedness,https://www.wikidata.org/entity/Q1843233,2006-01-19,0,0,0,0
Illia Zabarnyi,defender,https://www.wikidata.org/entity/Q336286,AFC Bournemouth,https://www.wikidata.org/entity/Q19568,Ukraine,https://www.wikidata.org/entity/Q212,right-footedness,https://www.wikidata.org/entity/Q1843233,2002-01-09,0.76,1.27,1,0
Nicolò Zaniolo,midfielder,https://www.wikidata.org/entity/Q193592,Aston Villa F.C.,https://www.wikidata.org/entity/Q18711,Italy,https://www.wikidata.org/entity/Q38,left-footedness,https://www.wikidata.org/entity/Q2183543,1999-02-07,0,0,0,0
Oleksandr Zinchenko,defender,https://www.wikidata.org/entity/Q336286,Arsenal F.C.,https://www.wikidata.org/entity/Q9617,Ukraine,https://www.wikidata.org/entity/Q212,left-footedness,https://www.wikidata.org/entity/Q2183543,1996-12-15,0.52,0.65,1,0
Joshua Zirkzee,forward,https://www.wikidata.org/entity/Q280658,Manchester United F.C.,https://www.wikidata.org/entity/Q18656,Netherlands,https://www.wikidata.org/entity/Q55,right-footedness,https://www.wikidata.org/entity/Q1843233,2001-05-22,1.07,4.82,1,3
Kurt Zouma,defender,https://www.wikidata.org/entity/Q336286,West Ham United F.C.,https://www.wikidata.org/entity/Q18747,France,https://www.wikidata.org/entity/Q142,right-footedness,https://www.wikidata.org/entity/Q1843233,1994-10-27,0,0,0,0
Oliwier Zych,goalkeeper,https://www.wikidata.org/entity/Q201330,Aston Villa F.C.,https://www.wikidata.org/entity/Q18711,Poland,https://www.wikidata.org/entity/Q36,right-footedness,https://www.wikidata.org/entity/Q1843233,2004-06-28,0,0,0,0
Diego Moreira,forward,https://www.wikidata.org/entity/Q280658,Chelsea F.C.,https://www.wikidata.org/entity/Q9616,Belgium,https://www.wikidata.org/entity/Q31,left-footedness,https://www.wikidata.org/entity/Q2183543,2004-06-08,0,0,0,0
Eric da Silva Moreira,forward,https://www.wikidata.org/entity/Q280658,Nottingham Forest F.C.,https://www.wikidata.org/entity/Q19490,Germany,https://www.wikidata.org/entity/Q183,right-footedness,https://www.wikidata.org/entity/Q1843233,2006-03-05,0,0,0,0
Felipe,defender,https://www.wikidata.org/entity/Q336286,Nottingham Forest F.C.,https://www.wikidata.org/entity/Q19490,Brazil,https://www.wikidata.org/entity/Q155,right-footedness,https://www.wikidata.org/entity/Q1843233,1989-05-16,0,0,0,0
Richarlison,forward,https://www.wikidata.org/entity/Q280658,Tottenham Hotspur F.C.,https://www.wikidata.org/entity/Q18741,Brazil,https://www.wikidata.org/entity/Q155,right-footedness,https://www.wikidata.org/entity/Q1843233,1997-10-05,0.61,3.72,1,4
Marcelo Pitaluga,goalkeeper,https://www.wikidata.org/entity/Q201330,Liverpool F.C.,https://www.wikidata.org/entity/Q1130849,Brazil,https://www.wikidata.org/entity/Q155,n/a,,2002-12-20,0,0,0,0
Gabriel Jesus,forward,https://www.wikidata.org/entity/Q280658,Arsenal F.C.,https://www.wikidata.org/entity/Q9617,Brazil,https://www.wikidata.org/entity/Q155,right-footedness,https://www.wikidata.org/entity/Q1843233,1997-03-04,0.52,2.99,0,3
Matthijs de Ligt,defender,https://www.wikidata.org/entity/Q336286,Manchester United F.C.,https://www.wikidata.org/entity/Q18656,Netherlands,https://www.wikidata.org/entity/Q55,right-footedness,https://www.wikidata.org/entity/Q1843233,1999-12-08,0.27,2.46,0,2
Evanilson,forward,https://www.wikidata.org/entity/Q280658,AFC Bournemouth,https://www.wikidata.org/entity/Q19568,Brazil,https://www.wikidata.org/entity/Q155,two-footedness,https://www.wikidata.org/entity/Q136817382,1999-06-10,1.78,12.49,1,10
Vitor Reis,defender,https://www.wikidata.org/entity/Q336286,Manchester City F.C.,https://www.wikidata.org/entity/Q50602,Brazil,https://www.wikidata.org/entity/Q155,right-footedness,https://www.wikidata.org/entity/Q1843233,2006-12-01,0,0,0,0
Deivid Washington,forward,https://www.wikidata.org/entity/Q280658,Chelsea F.C.,https://www.wikidata.org/entity/Q9616,Brazil,https://www.wikidata.org/entity/Q155,right-footedness,https://www.wikidata.org/entity/Q1843233,2005-05-06,0,0,0,0
Antony,forward,https://www.wikidata.org/entity/Q280658,Manchester United F.C.,https://www.wikidata.org/entity/Q18656,Brazil,https://www.wikidata.org/entity/Q155,left-footedness,https://www.wikidata.org/entity/Q2183543,2000-02-24,0.21,1.02,0,0
Rúben Dias,defender,https://www.wikidata.org/entity/Q336286,Manchester City F.C.,https://www.wikidata.org/entity/Q50602,Portugal,https://www.wikidata.org/entity/Q45,right-footedness,https://www.wikidata.org/entity/Q1843233,1997-05-14,1.19,1.5,0,0
Gabriel Magalhães,defender,https://www.wikidata.org/entity/Q336286,Arsenal F.C.,https://www.wikidata.org/entity/Q9617,Brazil,https://www.wikidata.org/entity/Q155,left-footedness,https://www.wikidata.org/entity/Q2183543,1997-12-19,1.2,2.61,1,3
Carlos Miguel,goalkeeper,https://www.wikidata.org/entity/Q201330,Nottingham Forest F.C.,https://www.wikidata.org/entity/Q19490,Brazil,https://www.wikidata.org/entity/Q155,left-footedness,https://www.wikidata.org/entity/Q2183543,1998-09-10,0,0,0,0
Danilo,midfielder,https://www.wikidata.org/entity/Q193592,Nottingham Forest F.C.,https://www.wikidata.org/entity/Q19490,Brazil,https://www.wikidata.org/entity/Q155,left-footedness,https://www.wikidata.org/entity/Q2183543,2001-04-29,0.02,0,0,0
Igor Julio,defender,https://www.wikidata.org/entity/Q336286,Brighton & Hove Albion F.C.,https://www.wikidata.org/entity/Q19453,Brazil,https://www.wikidata.org/entity/Q155,left-footedness,https://www.wikidata.org/entity/Q2183543,1998-07-02,0.27,0.05,0,0
Virgil van Dijk,defender,https://www.wikidata.org/entity/Q336286,Liverpool F.C.,https://www.wikidata.org/entity/Q1130849,Netherlands,https://www.wikidata.org/entity/Q55,right-footedness,https://www.wikidata.org/entity/Q1843233,1991-08-07,0.98,2.24,1,3
Jan Paul van Hecke,defender,https://www.wikidata.org/entity/Q336286,Brighton & Hove Albion F.C.,https://www.wikidata.org/entity/Q19453,Netherlands,https://www.wikidata.org/entity/Q55,right-footedness,https://www.wikidata.org/entity/Q1843233,2000-08-06,1.44,1.34,1,1
Donny van de Beek,midfielder,https://www.wikidata.org/entity/Q193592,Manchester United F.C.,https://www.wikidata.org/entity/Q18656,Netherlands,https://www.wikidata.org/entity/Q55,right-footedness,https://www.wikidata.org/entity/Q1843233,1997-04-18,0,0,0,0
Micky van de Ven,defender,https://www.wikidata.org/entity/Q336286,Tottenham Hotspur F.C.,https://www.wikidata.org/entity/Q18741,Netherlands,https://www.wikidata.org/entity/Q55,left-footedness,https://www.wikidata.org/entity/Q2183543,2001-04-19,0.7,0.57,2,0
Sepp van den Berg,defender,https://www.wikidata.org/entity/Q336286,Brentford F.C.,https://www.wikidata.org/entity/Q19571,Netherlands,https://www.wikidata.org/entity/Q55,right-footedness,https://www.wikidata.org/entity/Q1843233,2001-12-20,0,0,0,0
Edson Álvarez,midfielder,https://www.wikidata.org/entity/Q193592,West Ham United F.C.,https://www.wikidata.org/entity/Q18747,Mexico,https://www.wikidata.org/entity/Q96,two-footedness,https://www.wikidata.org/entity/Q136817382,1997-10-24,0.89,0.38,1,0
Julián Álvarez,forward,https://www.wikidata.org/entity/Q280658,Manchester City F.C.,https://www.wikidata.org/entity/Q50602,Argentina,https://www.wikidata.org/entity/Q414,right-footedness,https://www.wikidata.org/entity/Q1843233,2000-01-31,0,0,0,0
Odsonne Édouard,forward,https://www.wikidata.org/entity/Q280658,Leicester City F.C.,https://www.wikidata.org/entity/Q19481,France,https://www.wikidata.org/entity/Q142,right-footedness,https://www.wikidata.org/entity/Q1843233,1998-01-16,0.02,0.39,0,0
Martin Ødegaard,midfielder,https://www.wikidata.org/entity/Q193592,Arsenal F.C.,https://www.wikidata.org/entity/Q9617,Norway,https://www.wikidata.org/entity/Q20,left-footedness,https://www.wikidata.org/entity/Q2183543,1998-12-17,6.66,4.81,8,3
Enes Ünal,forward,https://www.wikidata.org/entity/Q280658,AFC Bournemouth,https://www.wikidata.org/entity/Q19568,Turkey,https://www.wikidata.org/entity/Q43,right-footedness,https://www.wikidata.org/entity/Q1843233,1997-10-05,0.26,2.74,1,2
